image_name,tree_id,bbox_x1,bbox_y1,bbox_x2,bbox_y2,canopy_area_px,canopy_width_px,canopy_height_px,canopy_diameter_px,canopy_compactness,canopy_circularity,canopy_asymmetry_score,canopy_gap_ratio,canopy_edge_roughness,canopy_irregularity,rgb_green_ratio,rgb_brightness_mean,rgb_brightness_std,distance_to_road_px,inverse_distance_to_road,road_overlap_ratio,road_buffer_overlap_ratio,normalized_canopy_size,inspection_priority_score,inspection_priority_level,candidate_source
000000.png,1,1067,1131,1292,1344,33787,225,213,225,0.705,0.5837,0.0185,0.0,0.1367,0.2075,0.4494,82.72,31.31,4.0,0.9841,0.0,0.0857,0.0041,0.346,Medium,sam
000000.png,2,2031,722,2203,861,16895,172,139,172,0.7067,0.5928,0.0208,0.0,0.1337,0.203,0.4222,88.79,23.31,17.0,0.9343,0.0,0.0124,0.002,0.3156,Low,sam
000000.png,3,2188,474,2289,598,8814,101,124,124,0.7038,0.6111,0.0285,0.0,0.1279,0.1939,0.4227,83.84,29.42,145.43,0.5589,0.0,0.0,0.0011,0.1998,Low,sam
000000.png,4,2173,669,2349,906,28680,176,237,237,0.6876,0.5802,0.0245,0.0,0.1378,0.2093,0.4354,80.86,26.54,19.0,0.9268,0.0,0.0052,0.0035,0.3134,Low,sam
000000.png,5,2466,1157,2649,1352,25671,183,195,195,0.7194,0.6319,0.0051,0.0,0.1216,0.1837,0.4394,80.05,31.6,37.0,0.8624,0.0,0.0,0.0031,0.2873,Low,sam
000000.png,6,2330,1884,2814,2160,97521,484,276,484,0.73,0.5499,0.0344,0.0,0.1484,0.2245,0.4402,83.1,26.31,1.0,0.996,0.0,0.11,0.0118,0.3597,Medium,sam
000000.png,7,1464,51,1554,260,12721,90,209,209,0.6763,0.486,0.0268,0.0,0.1737,0.2577,0.3798,118.96,31.17,1.0,0.996,0.0,0.4257,0.0015,0.4255,Medium,sam
000000.png,8,1393,966,1588,1146,27000,195,180,195,0.7692,0.5768,0.0114,0.0,0.139,0.211,0.4329,82.45,28.12,1.0,0.996,0.0,0.2671,0.0033,0.3855,Medium,sam
000000.png,9,2537,1074,2691,1209,13839,154,135,154,0.6657,0.5774,0.0177,0.0,0.1388,0.2107,0.4469,84.07,28.99,114.77,0.6319,0.0,0.0,0.0017,0.2232,Low,sam
000000.png,10,2290,1720,2814,2160,156657,524,440,524,0.6795,0.4485,0.0446,0.0001,0.1911,0.278,0.4515,83.82,27.5,1.0,0.996,0.0,0.1524,0.0189,0.3783,Medium,sam
000000.png,11,955,1284,1292,1611,66585,337,327,337,0.6042,0.4384,0.0314,0.0,0.1961,0.2835,0.4413,83.18,30.29,1.0,0.996,0.0,0.0371,0.008,0.3531,Medium,sam
000000.png,12,1299,1254,1547,1472,40684,248,218,248,0.7525,0.6498,0.0113,0.0,0.1165,0.175,0.4376,76.82,26.83,1.0,0.996,0.0,0.2312,0.0049,0.3732,Medium,sam
000000.png,13,1440,763,1558,861,9193,118,98,118,0.795,0.6453,0.0306,0.0,0.1177,0.1772,0.4519,93.97,31.52,1.0,0.996,0.0,0.2407,0.0011,0.3767,Medium,sam
000000.png,14,1265,489,1431,666,22203,166,177,177,0.7557,0.6408,0.0095,0.0,0.119,0.1794,0.4252,87.86,29.84,1.0,0.996,0.0,0.258,0.0027,0.3787,Medium,sam
000000.png,15,1352,1502,1545,1716,30251,193,214,214,0.7324,0.624,0.0224,0.0,0.124,0.1876,0.4547,84.65,24.61,1.0,0.996,0.0,0.2584,0.0036,0.3814,Medium,sam
000000.png,16,1155,827,1374,1067,33859,219,240,240,0.6442,0.503,0.0171,0.0,0.1665,0.2488,0.4404,91.09,31.82,1.0,0.996,0.0,0.113,0.0041,0.361,Medium,sam
000000.png,17,2290,1720,2623,2001,61262,333,281,333,0.6547,0.4924,0.0552,0.0,0.171,0.2543,0.4688,85.76,29.82,1.0,0.996,0.0,0.227,0.0074,0.389,Medium,sam
000000.png,18,1930,519,2072,677,16032,142,158,158,0.7146,0.6045,0.0085,0.0,0.1299,0.1972,0.4348,90.34,32.84,1.0,0.996,0.0,0.3089,0.0019,0.3913,Medium,sam
000000.png,19,1299,1007,1547,1498,59464,248,491,491,0.4883,0.3749,0.0803,0.0,0.2325,0.3198,0.443,80.6,28.75,1.0,0.996,0.0,0.2821,0.0072,0.4123,Medium,sam
000000.png,20,936,1513,1213,1746,42182,277,233,277,0.6536,0.4513,0.0112,0.0,0.1897,0.2764,0.463,85.38,35.11,1.0,0.996,0.0,0.1066,0.0051,0.3635,Medium,sam
000000.png,21,2289,621,2387,718,7371,98,97,98,0.7754,0.6717,0.0103,0.0,0.1105,0.1645,0.4466,88.45,27.08,204.33,0.4416,0.0,0.0,0.0009,0.1583,Low,sam
000000.png,22,1281,1502,1545,1735,44277,264,233,264,0.7198,0.5913,0.012,0.0017,0.1342,0.2043,0.4528,84.88,26.81,1.0,0.996,0.0,0.2906,0.0053,0.3897,Medium,sam
000000.png,23,1040,1011,1340,1228,37194,300,217,300,0.5713,0.3631,0.0356,0.0,0.2403,0.3268,0.4365,97.98,33.77,1.0,0.996,0.0,0.1623,0.0045,0.3845,Medium,sam
000000.png,24,875,1292,1213,2012,123138,338,720,720,0.506,0.3801,0.0227,0.0,0.2291,0.3167,0.4414,98.11,32.22,1.0,0.996,0.0,0.1064,0.0148,0.3721,Medium,sam
000000.png,25,1985,651,2169,853,14358,184,202,202,0.3863,0.4386,0.042,0.0,0.1961,0.2834,0.4118,91.7,21.65,1.0,0.996,0.0,0.2621,0.0017,0.3982,Medium,sam
000000.png,26,875,1686,1200,2012,78019,325,326,326,0.7364,0.5958,0.0068,0.0,0.1327,0.2015,0.4313,104.7,28.22,1.0,0.996,0.0,0.0992,0.0094,0.351,Medium,sam
000000.png,27,1434,568,1610,703,16990,176,135,176,0.7151,0.5644,0.043,0.0,0.1432,0.2172,0.4296,93.45,26.35,1.0,0.996,0.0,0.2938,0.002,0.3947,Medium,sam
000000.png,28,741,2005,1029,2160,34810,288,155,288,0.7798,0.5764,0.0194,0.0,0.1391,0.2112,0.4286,108.78,36.55,73.0,0.7468,0.0,0.0,0.0042,0.2583,Low,sam
000000.png,29,1370,1119,1530,1273,17810,160,154,160,0.7228,0.5928,0.0322,0.0,0.1337,0.203,0.461,90.62,30.61,1.0,0.996,0.0,0.3736,0.0021,0.4075,Medium,sam
000000.png,30,1260,1768,1528,2053,48852,268,285,285,0.6396,0.549,0.0329,0.0,0.1487,0.225,0.5058,93.65,30.01,1.0,0.996,0.0,0.3424,0.0059,0.4052,Medium,sam
000000.png,31,1217,699,1370,868,18588,153,169,169,0.7189,0.5693,0.0329,0.0,0.1415,0.2148,0.451,90.19,34.73,1.0,0.996,0.0,0.2995,0.0022,0.3945,Medium,sam
000000.png,32,2409,834,2535,1010,17557,126,176,176,0.7917,0.6248,0.0285,0.0,0.1237,0.1872,0.4491,80.67,27.39,56.8,0.7968,0.0,0.0,0.0021,0.2703,Low,sam
000000.png,33,1468,365,1581,478,9517,113,113,113,0.7453,0.6403,0.0207,0.0,0.1192,0.1796,0.4032,98.47,27.02,1.0,0.996,0.0,0.5767,0.0011,0.4433,Medium,sam
000000.png,34,2856,1738,3065,1929,23249,209,191,209,0.5824,0.4863,0.0221,0.0,0.1736,0.2576,0.4098,70.47,19.3,56.13,0.7989,0.0,0.0,0.0028,0.2809,Low,sam
000000.png,35,2841,1605,2990,1746,16321,149,141,149,0.7769,0.656,0.0076,0.0,0.1147,0.172,0.4229,62.16,19.27,162.78,0.5215,0.0,0.0,0.002,0.1833,Low,sam
000000.png,36,2608,975,2750,1146,15425,142,171,171,0.6352,0.5295,0.0414,0.0,0.156,0.235,0.4224,89.74,24.21,202.11,0.4455,0.0,0.0,0.0019,0.1733,Low,sam
000000.png,37,3099,2068,3240,2160,7719,141,92,141,0.5951,0.469,0.0805,0.0,0.1813,0.2668,0.411,76.54,15.92,215.0,0.4232,0.0,0.0,0.0009,0.1752,Low,sam
000100.png,1,3227,186,3354,381,19058,127,195,195,0.7696,0.5985,0.0274,0.0,0.1318,0.2001,0.4088,78.25,23.6,5.79,0.9771,0.0,0.0655,0.0023,0.3393,Medium,sam
000100.png,2,2252,377,2368,493,9963,116,116,116,0.7404,0.6413,0.0173,0.0,0.1189,0.1791,0.4227,72.51,20.11,19.79,0.9239,0.0,0.0088,0.0012,0.3077,Low,sam
000100.png,3,2526,141,2638,261,9294,112,120,120,0.6915,0.6063,0.0145,0.0,0.1294,0.1963,0.4491,85.83,21.93,6.4,0.9747,0.0,0.1668,0.0011,0.3568,Medium,sam
000100.png,4,2743,148,2848,234,5865,105,86,105,0.6495,0.5582,0.0199,0.0,0.1454,0.2203,0.4418,86.24,20.52,3.6,0.9857,0.0,0.1289,0.0007,0.3566,Medium,sam
000100.png,5,1453,1577,1513,1644,3156,60,67,67,0.7851,0.6917,0.0117,0.0,0.1052,0.1549,0.4601,56.61,14.82,113.33,0.6355,0.0,0.0,0.0004,0.2151,Low,sam
000100.png,6,3223,369,3336,497,10851,113,128,128,0.7502,0.6357,0.0133,0.0,0.1205,0.1819,0.4217,86.2,20.95,1.0,0.996,0.0,0.1519,0.0013,0.358,Medium,sam
000100.png,7,3227,486,3358,598,10915,131,112,131,0.7439,0.5326,0.0098,0.0,0.1548,0.2334,0.406,77.33,21.17,1.0,0.996,0.0,0.1415,0.0013,0.3633,Medium,sam
000100.png,8,2424,741,2492,823,4614,68,82,82,0.8275,0.7086,0.0186,0.0,0.1009,0.1468,0.4664,105.9,30.59,1.0,0.996,0.0,0.6281,0.0006,0.4484,Medium,sam
000100.png,9,3212,561,3362,741,19525,150,180,180,0.7231,0.6136,0.0148,0.0,0.1271,0.1927,0.4232,69.75,18.9,33.58,0.8743,0.0,0.0,0.0024,0.293,Low,sam
000100.png,10,2995,508,3208,741,35359,213,233,233,0.7125,0.5597,0.0256,0.0,0.1449,0.2196,0.427,76.04,18.6,1.0,0.996,0.0,0.1815,0.0043,0.3712,Medium,sam
000100.png,11,2942,1125,3786,2160,410535,844,1035,1035,0.47,0.4212,0.0446,0.0,0.2052,0.293,0.4612,68.37,26.74,1.0,0.996,0.0,0.0144,0.0495,0.3575,Medium,sam
000100.png,12,3152,1479,3782,2158,280342,630,679,679,0.6554,0.5074,0.0351,0.0,0.1647,0.2464,0.4606,67.13,27.85,78.31,0.7311,0.0,0.0,0.0338,0.2649,Low,sam
000100.png,13,3167,1686,3786,2160,210237,619,474,619,0.7165,0.5384,0.018,0.0,0.1526,0.2304,0.4535,67.4,28.41,214.33,0.4243,0.0,0.0,0.0253,0.1674,Low,sam
000100.png,14,2905,1431,3167,1686,45244,262,255,262,0.6772,0.2756,0.0215,0.0,0.3127,0.3836,0.4848,71.13,24.05,1.0,0.996,0.0,0.1851,0.0055,0.3963,Medium,sam
000100.png,15,3212,1179,3542,1382,36478,330,203,330,0.5445,0.4032,0.0306,0.0,0.2152,0.3033,0.4665,71.67,26.0,1.0,0.996,0.0,0.0704,0.0044,0.3621,Medium,sam
000100.png,16,2870,1648,3186,1911,56306,316,263,316,0.6775,0.5399,0.0071,0.0,0.152,0.2297,0.4813,79.55,25.88,1.0,0.996,0.0,0.0885,0.0068,0.3527,Medium,sam
000100.png,17,3231,759,3332,876,8724,101,117,117,0.7383,0.6329,0.0276,0.0,0.1213,0.1832,0.4272,85.32,25.16,110.79,0.642,0.0,0.0,0.0011,0.223,Low,sam
000100.png,18,2870,1888,3171,2160,62961,301,272,301,0.769,0.5647,0.0089,0.0,0.1431,0.2171,0.4975,91.36,27.94,1.0,0.996,0.0,0.083,0.0076,0.35,Medium,sam
000100.png,19,3178,853,3385,1052,31232,207,199,207,0.7582,0.6511,0.0137,0.0,0.1161,0.1744,0.4554,72.85,19.76,1.0,0.996,0.0,0.0849,0.0038,0.3439,Medium,sam
000100.png,20,3178,767,3385,1056,38847,207,289,289,0.6494,0.4992,0.0359,0.0044,0.1681,0.2521,0.4497,75.07,21.13,1.0,0.996,0.0,0.0752,0.0047,0.3564,Medium,sam
000100.png,21,3373,485,3495,620,12676,122,135,135,0.7696,0.6696,0.0147,0.0,0.111,0.1655,0.456,89.2,22.68,139.0,0.5735,0.0,0.0,0.0015,0.1986,Low,sam
000100.png,22,1680,1813,1945,2001,38719,265,188,265,0.7772,0.5961,0.0139,0.0,0.1326,0.2014,0.4839,63.12,22.13,1.0,0.996,0.0,0.3082,0.0047,0.3927,Medium,sam
000100.png,23,2297,951,2383,1037,5821,86,86,86,0.787,0.6787,0.0093,0.0,0.1086,0.1611,0.443,89.61,18.26,1.0,0.996,0.0,0.7378,0.0007,0.4716,Medium,sam
000100.png,24,2970,1074,3174,1224,23228,204,150,204,0.7591,0.6317,0.0119,0.0,0.1217,0.1838,0.421,68.45,20.09,1.0,0.996,0.0,0.3767,0.0028,0.4033,Medium,sam
000100.png,25,2955,1213,3150,1446,32741,195,233,233,0.7206,0.5699,0.0288,0.0,0.1413,0.2144,0.4483,69.1,20.96,1.0,0.996,0.0,0.3255,0.0039,0.3995,Medium,sam
000100.png,26,3073,240,3234,403,16772,161,163,163,0.6391,0.5395,0.0101,0.0,0.1522,0.2299,0.4151,80.41,20.57,1.0,0.996,0.0,0.4388,0.002,0.4224,Medium,sam
000100.png,27,2548,510,2630,579,4087,82,69,82,0.7223,0.6159,0.0235,0.0,0.1264,0.1916,0.4388,96.99,27.53,1.0,0.996,0.0,0.8835,0.0005,0.5067,Medium,sam
000100.png,28,2199,1056,2319,1164,9196,120,108,120,0.7096,0.6257,0.0257,0.0,0.1234,0.1867,0.4771,108.9,28.07,1.0,0.996,0.0,0.587,0.0011,0.4469,Medium,sam
000100.png,29,1865,1525,2083,1742,35912,218,217,218,0.7591,0.6422,0.0142,0.0,0.1186,0.1787,0.5178,77.98,26.79,1.0,0.996,0.0,0.3171,0.0043,0.3911,Medium,sam
000100.png,30,1318,1550,1446,1712,15286,128,162,162,0.7372,0.6238,0.0201,0.0,0.124,0.1877,0.4257,57.75,21.28,136.98,0.5781,0.0,0.0,0.0018,0.2039,Low,sam
000100.png,31,1929,820,2068,977,15367,139,157,157,0.7042,0.6084,0.0135,0.0,0.1287,0.1953,0.415,70.74,22.24,14.99,0.9418,0.0,0.0252,0.0019,0.3185,Low,sam
000100.png,32,3377,21,3433,88,2733,56,67,67,0.7284,0.6346,0.0179,0.0,0.1208,0.1824,0.3838,86.42,21.21,142.33,0.5659,0.0,0.0,0.0003,0.199,Low,sam
000100.png,33,1210,1678,1322,1817,11102,112,139,139,0.7131,0.5842,0.0346,0.0,0.1365,0.2073,0.4197,63.65,22.82,191.21,0.4654,0.0,0.0,0.0013,0.1744,Low,sam
000100.png,34,1806,1350,1865,1400,2447,59,50,59,0.8295,0.7219,0.0135,0.0,0.0977,0.1405,0.4338,77.37,24.4,1.0,0.996,0.0,0.7744,0.0003,0.4762,Medium,sam
000100.png,35,1095,1845,1206,2010,12497,111,165,165,0.6823,0.5631,0.0423,0.0,0.1437,0.2178,0.4287,62.01,19.11,242.66,0.3788,0.0,0.0,0.0015,0.1508,Low,sam
000100.png,36,2540,2105,2660,2160,5196,120,55,120,0.7873,0.5702,0.0393,0.0,0.1412,0.2143,0.4705,107.62,26.07,1.0,0.996,0.0,0.72,0.0006,0.479,Medium,sam
000100.png,37,2173,1142,2301,1285,9561,128,143,143,0.5223,0.424,0.0259,0.0,0.2037,0.2915,0.4005,81.67,16.78,1.0,0.996,0.0,0.7567,0.0012,0.4966,Medium,sam
000200.png,1,1650,0,2150,355,111275,500,355,500,0.6269,0.2339,0.0784,0.0,0.3608,0.4147,0.4114,82.38,31.8,0.0,1.0,0.0004,0.2215,0.0134,0.4164,Medium,components
000200.png,2,2250,0,2660,1025,245025,410,1025,1025,0.583,0.2181,0.0419,0.0243,0.3826,0.4348,0.4204,77.53,29.5,0.0,1.0,0.0002,0.1822,0.0295,0.4127,Medium,components
000200.png,3,1470,335,1675,430,8325,205,95,205,0.4275,0.2605,0.221,0.0,0.3288,0.3945,0.3825,82.78,33.75,39.15,0.855,0.0,0.0,0.001,0.3379,Medium,components
000200.png,4,1080,360,1715,695,110275,635,335,635,0.5184,0.1967,0.0167,0.0193,0.4161,0.452,0.4172,70.76,28.02,1.0,0.996,0.0,0.0895,0.0133,0.3901,Medium,components
000200.png,5,1800,495,1905,735,13950,105,240,240,0.5536,0.3822,0.0129,0.0,0.2278,0.3155,0.4007,93.3,34.94,1.0,0.996,0.0,0.8583,0.0017,0.5193,Medium,components
000200.png,6,1690,740,1800,910,11600,110,170,170,0.6203,0.5017,0.0668,0.0,0.1671,0.2494,0.439,93.7,41.21,1.0,0.996,0.0,0.7496,0.0014,0.493,Medium,components
000200.png,7,1670,915,1735,1030,4925,65,115,115,0.6589,0.5239,0.0152,0.0,0.1581,0.2379,0.4862,93.57,28.09,1.0,0.996,0.0,0.8197,0.0006,0.5,Medium,components
000200.png,8,1145,970,1485,1300,45775,340,330,340,0.408,0.3452,0.083,0.0,0.2528,0.3378,0.413,72.39,36.17,1.0,0.996,0.0,0.1847,0.0055,0.3955,Medium,components
000200.png,9,2295,1005,2512,2160,172865,217,1155,1155,0.6897,0.2224,0.0227,0.0,0.3764,0.424,0.4732,72.17,30.3,1.0,0.996,0.0,0.2908,0.0208,0.4259,Medium,components_split
000200.png,10,2512,1070,3120,2160,448085,608,1090,1090,0.6761,0.2983,0.0703,0.0086,0.2909,0.3705,0.4702,65.42,28.88,0.0,1.0,0.0001,0.0844,0.054,0.3884,Medium,components_split
000200.png,11,1550,1080,1690,1375,20025,140,295,295,0.4849,0.3134,0.0587,0.0,0.2777,0.358,0.4488,86.22,28.91,1.0,0.996,0.0,0.7394,0.0024,0.5066,Medium,components
000200.png,12,630,1410,1290,2160,132650,660,750,750,0.268,0.1452,0.0171,0.0,0.5252,0.4995,0.4353,57.98,26.95,1.0,0.996,0.0,0.0377,0.016,0.3854,Medium,components
000200.png,13,1255,1630,1540,2160,76050,285,530,530,0.5035,0.3119,0.0274,0.0085,0.2789,0.3614,0.4798,71.88,31.48,0.0,1.0,0.0003,0.3795,0.0092,0.4351,Medium,components
000200.png,14,2060,1960,2175,2160,18575,115,200,200,0.8076,0.5781,0.0054,0.0,0.1385,0.2103,0.4668,108.38,30.36,1.0,0.996,0.0,0.585,0.0022,0.4482,Medium,components
000300.png,1,1680,130,1843,485,39465,163,355,355,0.682,0.4126,0.0313,0.0,0.2099,0.2979,0.4217,80.38,34.79,29.4,0.8891,0.0,0.0,0.0048,0.3153,Low,components_split
000300.png,2,1843,0,2280,490,119175,437,490,490,0.5566,0.4151,0.0506,0.0021,0.2085,0.2972,0.408,87.95,39.09,0.0,1.0,0.0008,0.261,0.0144,0.4042,Medium,components_split
000300.png,3,2385,0,2645,290,54800,260,290,290,0.7268,0.5095,0.0288,0.0,0.1639,0.2454,0.395,89.39,29.77,1.0,0.996,0.0,0.1614,0.0066,0.3718,Medium,components
000300.png,4,2335,350,2495,1340,111725,160,990,990,0.7053,0.2059,0.0273,0.0,0.401,0.4379,0.4386,73.98,29.84,0.0,1.0,0.0002,0.3054,0.0135,0.4315,Medium,components_split
000300.png,5,2495,320,2817,1405,191560,322,1085,1085,0.5483,0.2035,0.0568,0.0088,0.4048,0.4427,0.4301,72.63,29.25,0.0,1.0,0.0001,0.0382,0.0231,0.3841,Medium,components_split
000300.png,6,1865,435,1910,460,775,45,25,45,0.6889,0.5549,0.0129,0.0,0.1466,0.222,0.378,96.73,26.04,1.0,0.996,0.0,1.0,0.0001,0.5334,Medium,components
000300.png,7,1025,590,1294,845,43790,269,255,269,0.6384,0.4672,0.0589,0.0,0.1822,0.2678,0.4355,58.0,23.78,72.0,0.7498,0.0,0.0,0.0053,0.2718,Low,components_split
000300.png,8,1294,590,1396,895,23780,102,305,305,0.7644,0.3427,0.0249,0.0,0.2546,0.3393,0.423,64.74,22.37,1.0,0.996,0.0,0.077,0.0029,0.368,Medium,components_split
000300.png,9,1396,475,1705,950,81655,309,475,475,0.5563,0.21,0.0716,0.0,0.3947,0.4344,0.4187,74.8,31.53,0.0,1.0,0.0003,0.2377,0.0098,0.4213,Medium,components_split
000300.png,10,1185,505,1345,545,3625,160,40,160,0.5664,0.3002,0.0648,0.0,0.2892,0.3667,0.4138,64.34,15.43,81.12,0.7229,0.0,0.0,0.0004,0.2784,Low,components
000300.png,11,1800,695,1915,1000,17575,115,305,305,0.5011,0.3047,0.0185,0.0,0.2852,0.3637,0.4082,92.03,34.22,0.0,1.0,0.0014,0.8304,0.0021,0.5228,Medium,components
000300.png,12,1675,1020,1795,1275,18225,120,255,255,0.5956,0.4153,0.0409,0.0,0.2084,0.2964,0.4407,86.74,34.59,1.0,0.996,0.0,0.753,0.0022,0.4983,Medium,components
000300.png,13,2790,1020,2855,1065,2175,65,45,65,0.7436,0.6259,0.0161,0.0,0.1234,0.1867,0.4302,66.49,12.23,242.09,0.3797,0.0,0.0,0.0003,0.1436,Low,components
000300.png,14,1430,1300,1690,1910,50150,260,610,610,0.3162,0.1927,0.0595,0.0,0.423,0.4498,0.4568,86.13,29.7,0.0,1.0,0.001,0.6139,0.006,0.4971,Medium,components
000300.png,15,965,1345,1420,1815,66300,455,470,470,0.31,0.2401,0.0974,0.0,0.3528,0.4098,0.4342,64.29,27.0,1.0,0.996,0.0,0.0483,0.008,0.3809,Medium,components
000300.png,16,2415,1410,2490,1455,2675,75,45,75,0.7926,0.6379,0.0112,0.0,0.1199,0.1808,0.377,69.41,29.85,1.0,0.996,0.0,0.9249,0.0003,0.5121,Medium,components
000300.png,17,2675,1530,3205,2160,220800,530,630,630,0.6613,0.5249,0.0354,0.0,0.1577,0.2374,0.4749,62.16,25.21,1.0,0.996,0.0,0.0783,0.0266,0.3576,Medium,components
000300.png,18,2380,1550,2645,2160,106775,265,610,610,0.6605,0.3057,0.044,0.0,0.2843,0.363,0.4415,61.58,22.38,0.0,1.0,0.0002,0.378,0.0129,0.4364,Medium,components
000300.png,19,845,2035,915,2070,1600,70,35,70,0.6531,0.4961,0.0437,0.0,0.1694,0.2524,0.5051,66.68,13.28,246.0,0.3738,0.0,0.0,0.0002,0.1544,Low,components
000400.png,1,1210,365,1335,650,21275,125,285,285,0.5972,0.3613,0.0804,0.0,0.2415,0.3279,0.4047,100.59,46.95,111.2,0.641,0.0,0.0,0.0026,0.2499,Low,components_split
000400.png,2,1335,165,1492,690,61270,157,525,525,0.7433,0.3448,0.0233,0.0,0.2531,0.338,0.4144,94.49,40.74,1.0,0.996,0.0,0.0736,0.0074,0.3677,Medium,components_split
000400.png,3,1492,60,1822,725,128485,330,665,665,0.5855,0.3905,0.0381,0.0425,0.2227,0.3233,0.4152,94.47,33.66,1.0,0.996,0.0,0.173,0.0155,0.3923,Medium,components_split
000400.png,4,1822,0,1925,175,10685,103,175,175,0.5928,0.4472,0.0761,0.0,0.1917,0.2786,0.3985,106.05,36.83,1.0,0.996,0.0,0.4602,0.0013,0.4404,Medium,components_split
000400.png,5,2040,0,2290,410,66950,250,410,410,0.6532,0.3779,0.0599,0.0,0.2305,0.318,0.4004,100.0,30.11,0.0,1.0,0.0004,0.2334,0.0081,0.4016,Medium,components
000400.png,6,1595,10,1680,140,6075,85,130,130,0.5498,0.3919,0.0601,0.0,0.2219,0.3098,0.3842,115.73,30.63,155.18,0.5376,0.0,0.0,0.0007,0.2139,Low,components
000400.png,7,2035,445,2770,2130,573325,735,1685,1685,0.4629,0.1373,0.0608,0.0919,0.5472,0.5368,0.4398,81.6,30.01,0.0,1.0,0.0004,0.2089,0.0691,0.4479,Medium,components
000400.png,8,1295,655,1360,725,3600,65,70,70,0.7912,0.6715,0.0181,0.0,0.1105,0.1645,0.4552,86.42,32.43,52.34,0.8111,0.0,0.0,0.0004,0.2699,Low,components
000400.png,9,835,745,1230,980,39300,395,235,395,0.4234,0.178,0.064,0.0,0.4501,0.4638,0.3826,97.85,38.96,1.0,0.996,0.0,0.4611,0.0047,0.4677,Medium,components
000400.png,10,2395,775,2435,815,1225,40,40,40,0.7656,0.6723,0.0122,0.0,0.1103,0.1641,0.3499,76.64,20.07,173.17,0.5002,0.0,0.0,0.0001,0.1759,Low,components
000400.png,11,580,800,855,940,16325,275,140,275,0.424,0.3162,0.1568,0.0,0.2754,0.3561,0.3995,88.72,33.51,6.2,0.9755,0.0,0.0461,0.002,0.3713,Medium,components
000400.png,12,430,830,545,875,4500,115,45,115,0.8696,0.5835,0.0256,0.0,0.1367,0.2076,0.4046,80.05,23.42,115.34,0.6304,0.0,0.0,0.0005,0.2229,Low,components
000400.png,13,230,955,811,1415,154795,581,460,581,0.5792,0.1718,0.0706,0.0,0.4628,0.4701,0.4223,69.22,28.53,1.0,0.996,0.0,0.1233,0.0187,0.4038,Medium,components_split
000400.png,14,811,1065,1015,1415,55145,204,350,350,0.7723,0.3968,0.0236,0.0,0.219,0.307,0.4418,76.18,25.48,1.0,0.996,0.0,0.1139,0.0066,0.371,Medium,components_split
000400.png,15,1015,1065,1310,1495,68425,295,430,430,0.5394,0.2917,0.1073,0.0,0.2969,0.3724,0.4291,87.4,34.11,0.0,1.0,0.0004,0.2842,0.0082,0.4247,Medium,components_split
000400.png,16,1450,1075,1530,1135,3850,80,60,80,0.8021,0.6658,0.0195,0.0,0.112,0.1673,0.4741,108.53,35.2,1.0,0.996,0.0,0.6868,0.0005,0.4633,Medium,components
000400.png,17,2590,1115,2635,1145,1125,45,30,45,0.8333,0.685,0.0267,0.0,0.1069,0.1581,0.383,93.22,27.49,234.0,0.3922,0.0,0.0,0.0001,0.1441,Low,components
000400.png,18,1390,1235,1490,1420,10600,100,185,185,0.573,0.3917,0.0877,0.0,0.222,0.3099,0.4354,92.83,27.6,1.0,0.996,0.0,0.5707,0.0013,0.4684,Medium,components
000400.png,19,715,1335,815,1475,10050,100,140,140,0.7179,0.5949,0.0219,0.0,0.133,0.202,0.4506,68.76,17.03,220.06,0.4147,0.0,0.0,0.0012,0.1571,Low,components
000400.png,20,2650,1440,2750,1535,5975,100,95,100,0.6289,0.4859,0.0276,0.0,0.1738,0.2578,0.4226,75.92,18.1,62.18,0.7798,0.0,0.0,0.0007,0.2755,Low,components
000400.png,21,910,1460,955,1500,1000,45,40,45,0.5556,0.49,0.055,0.0,0.172,0.2556,0.4092,91.02,17.18,166.12,0.5145,0.0,0.0,0.0001,0.1982,Low,components
000400.png,22,1355,1470,1435,1555,5625,80,85,85,0.8272,0.6973,0.016,0.0,0.1038,0.1522,0.3988,101.44,18.38,1.0,0.996,0.0,0.6169,0.0007,0.4467,Medium,components
000400.png,23,1290,1670,1345,1710,1350,55,40,55,0.6136,0.5194,0.0481,0.0,0.1599,0.2402,0.5032,89.62,29.53,1.0,0.996,0.0,0.497,0.0002,0.4391,Medium,components
000400.png,24,1195,1895,1345,2100,21975,150,205,205,0.7146,0.5857,0.0041,0.0,0.136,0.2065,0.4508,109.05,44.07,1.0,0.996,0.0,0.4113,0.0026,0.4128,Medium,components
000500.png,1,0,0,97,1315,71780,97,1315,1315,0.5627,0.0949,0.053,0.0014,0.7087,0.5751,0.4046,106.09,31.88,0.0,1.0,0.0003,0.2124,0.0087,0.4355,Medium,components_split
000500.png,2,97,0,485,1380,232800,388,1380,1380,0.4348,0.1448,0.0223,0.0,0.5263,0.5,0.4213,96.48,32.63,0.0,1.0,0.0003,0.2663,0.0281,0.4347,Medium,components_split
000500.png,3,600,0,965,705,120675,365,705,705,0.469,0.2024,0.1746,0.0,0.4066,0.441,0.4039,103.87,30.16,1.0,0.996,0.0,0.2362,0.0145,0.4318,Medium,components
000500.png,4,0,325,25,365,850,25,40,40,0.85,0.692,0.0176,0.0,0.1051,0.1547,0.3935,109.99,17.78,125.24,0.6059,0.0,0.0,0.0001,0.2067,Low,components
000500.png,5,780,720,1106,1205,103155,326,485,485,0.6524,0.4665,0.0211,0.0,0.1825,0.2682,0.4372,86.29,30.83,0.0,1.0,0.0002,0.2275,0.0124,0.3897,Medium,components_split
000500.png,6,1106,835,1335,1325,49765,229,490,490,0.4435,0.2828,0.0927,0.0,0.3055,0.3786,0.4352,87.54,35.96,1.0,0.996,0.0,0.4109,0.006,0.4479,Medium,components_split
000500.png,7,1330,1035,1365,1070,1025,35,35,35,0.8367,0.721,0.0195,0.0,0.0979,0.141,0.3736,107.33,40.74,1.4,0.9944,0.0,0.639,0.0001,0.4492,Medium,components
000500.png,8,1410,1165,1480,1210,2350,70,45,70,0.746,0.6126,0.017,0.0,0.1274,0.1932,0.3959,88.69,26.76,1.0,0.996,0.0,0.6319,0.0003,0.4559,Medium,components
000500.png,9,970,1215,985,1245,325,15,30,30,0.7222,0.5755,0.0615,0.0,0.1394,0.2116,0.4135,74.14,19.81,15.4,0.9403,0.0,0.7538,0.0,0.4707,Medium,components
000500.png,10,1385,1235,1685,1655,75075,300,420,420,0.5958,0.3552,0.0228,0.0,0.2457,0.3316,0.4497,89.47,34.95,0.0,1.0,0.0003,0.1477,0.0091,0.3829,Medium,components
000500.png,11,1025,1355,1825,2160,284450,800,805,805,0.4417,0.1762,0.0604,0.0,0.4537,0.4656,0.446,82.54,29.73,0.0,1.0,0.0003,0.2708,0.0343,0.4352,Medium,components
000500.png,12,0,1725,40,1760,1200,40,35,40,0.8571,0.7307,0.0208,0.0,0.0956,0.1364,0.4132,161.83,39.59,1.0,0.996,0.0,0.9667,0.0001,0.5147,Medium,components
000500.png,13,245,1910,305,1960,2125,60,50,60,0.7083,0.6115,0.0094,0.0,0.1278,0.1937,0.4081,69.9,22.86,1.0,0.996,0.0,1.0,0.0003,0.5288,Medium,components
000500.png,14,2105,1990,2215,2100,9075,110,110,110,0.75,0.6405,0.0149,0.0,0.1191,0.1795,0.4405,76.44,19.86,1.0,0.996,0.0,0.2653,0.0011,0.3804,Medium,components
000600.png,1,1425,0,1635,95,10750,210,95,210,0.5388,0.3699,0.1716,0.0,0.2357,0.3227,0.3899,78.12,19.57,236.38,0.3885,0.0,0.0,0.0013,0.1823,Low,components
000600.png,2,690,675,960,1320,114175,270,645,645,0.6556,0.2948,0.0159,0.0,0.2941,0.3703,0.4406,76.27,29.09,1.0,0.996,0.0,0.0453,0.0138,0.3671,Medium,components_split
000600.png,3,960,0,1920,1305,385650,960,1305,1305,0.3078,0.1549,0.0784,0.0659,0.5006,0.508,0.4203,80.26,30.85,0.0,1.0,0.0001,0.175,0.0465,0.4326,Medium,components_split
000600.png,4,1875,0,2144,680,108900,269,680,680,0.5953,0.259,0.0761,0.0009,0.3304,0.3958,0.4023,91.11,28.91,0.0,1.0,0.0007,0.3191,0.0131,0.4329,Medium,components_split
000600.png,5,2144,0,2230,580,21225,86,580,580,0.4255,0.1603,0.2277,0.0,0.4878,0.4822,0.3919,94.02,27.83,25.59,0.9027,0.0,0.0,0.0026,0.3663,Medium,components_split
000600.png,6,1455,135,1530,185,1925,75,50,75,0.5133,0.4278,0.0831,0.0,0.2017,0.2894,0.3741,97.75,19.93,222.38,0.4108,0.0,0.0,0.0002,0.175,Low,components
000600.png,7,2155,275,2175,300,200,20,25,25,0.4,0.3591,0.1,0.0,0.243,0.3292,0.3783,106.48,31.67,37.18,0.8618,0.0,0.0,0.0,0.3179,Low,components
000600.png,8,2165,605,2210,630,800,45,25,45,0.7111,0.5727,0.0437,0.0,0.1403,0.213,0.411,88.87,13.27,125.13,0.6062,0.0,0.0,0.0001,0.2182,Low,components
000600.png,9,1715,945,1962,1570,91765,247,625,625,0.5944,0.316,0.0448,0.0,0.2755,0.3562,0.421,75.89,24.91,0.0,1.0,0.0003,0.3982,0.0111,0.4392,Medium,components_split
000600.png,10,1962,845,2215,1320,77975,253,475,475,0.6488,0.4692,0.0135,0.0,0.1813,0.2667,0.4185,75.91,30.34,0.0,1.0,0.0003,0.2111,0.0094,0.385,Medium,components_split
000600.png,11,460,1330,600,1405,6950,140,75,140,0.6619,0.5089,0.0237,0.0,0.1641,0.2457,0.4087,77.09,31.35,6.0,0.9763,0.0,0.2388,0.0008,0.38,Medium,components
000600.png,12,235,1340,380,1430,8525,145,90,145,0.6533,0.5245,0.0023,0.0,0.1579,0.2376,0.3936,75.54,13.97,59.15,0.7893,0.0,0.0,0.001,0.2728,Low,components
000600.png,13,2015,1340,2205,1750,52950,190,410,410,0.6797,0.4637,0.0316,0.0,0.1838,0.2697,0.4449,77.9,29.08,1.0,0.996,0.0,0.4424,0.0064,0.4319,Medium,components
000600.png,14,2280,1350,2355,1425,4475,75,75,75,0.7956,0.6845,0.0168,0.0,0.1071,0.1583,0.3555,86.66,28.96,1.0,0.996,0.0,0.3274,0.0005,0.3898,Medium,components
000600.png,15,0,1370,80,1475,6150,80,105,105,0.7321,0.5677,0.0423,0.0,0.1421,0.2156,0.3945,94.42,44.14,19.38,0.9254,0.0,0.035,0.0007,0.3213,Low,components
000600.png,16,2280,1445,2335,1500,2300,55,55,55,0.7603,0.6473,0.0326,0.0,0.1172,0.1762,0.3698,64.97,15.71,1.4,0.9944,0.0,0.4861,0.0003,0.4253,Medium,components
000600.png,17,270,1470,460,1605,17300,190,135,190,0.6745,0.5515,0.0185,0.0,0.1478,0.2237,0.3774,85.73,34.24,1.0,0.996,0.0,0.578,0.0021,0.4501,Medium,components
000600.png,18,0,1510,505,1785,51125,505,275,505,0.3681,0.2371,0.1906,0.0,0.3567,0.4122,0.3957,84.2,31.02,1.0,0.996,0.0,0.5895,0.0062,0.4985,Medium,components
000600.png,19,1805,1580,1900,1710,10200,95,130,130,0.8259,0.6705,0.027,0.0,0.1108,0.165,0.3974,82.28,18.38,1.0,0.996,0.0,0.5879,0.0012,0.444,Medium,components
000600.png,20,2305,1585,2400,1680,7100,95,95,95,0.7867,0.6659,0.0246,0.0,0.112,0.1672,0.3805,77.92,25.67,1.0,0.996,0.0,0.3969,0.0009,0.4059,Medium,components
000600.png,21,2310,1730,2395,1825,5725,85,95,95,0.709,0.6111,0.0227,0.0,0.1279,0.1939,0.3664,80.09,24.61,1.0,0.996,0.0,0.5364,0.0007,0.4375,Medium,components
000600.png,22,1660,1770,1930,2160,73775,270,390,390,0.7006,0.5474,0.0408,0.0,0.1493,0.2258,0.4349,73.6,24.51,0.0,1.0,0.0003,0.2981,0.0089,0.3989,Medium,components
000600.png,23,2070,1820,2140,1870,2525,70,50,70,0.7214,0.6115,0.0218,0.0,0.1278,0.1938,0.41,82.52,18.24,1.0,0.996,0.0,1.0,0.0003,0.5301,Medium,components
000600.png,24,2300,1835,2545,2120,49525,245,285,285,0.7093,0.6034,0.0256,0.0,0.1303,0.1977,0.5124,93.37,30.29,1.0,0.996,0.0,0.0712,0.006,0.3462,Medium,components
000600.png,25,820,1930,930,1980,3575,110,50,110,0.65,0.4742,0.0545,0.0,0.179,0.264,0.3874,69.66,34.16,1.0,0.996,0.0,0.8755,0.0004,0.519,Medium,components
000600.png,26,380,1965,475,2030,4800,95,65,95,0.7773,0.6391,0.0031,0.0,0.1195,0.1802,0.3675,107.62,37.33,1.0,0.996,0.0,0.5135,0.0006,0.4289,Medium,components
000600.png,27,2055,2045,2275,2160,16100,220,115,220,0.6364,0.4812,0.0929,0.0,0.1759,0.2603,0.4274,82.18,28.26,1.0,0.996,0.0,0.2437,0.0019,0.3962,Medium,components
000600.png,28,455,2120,495,2160,1225,40,40,40,0.7656,0.657,0.0408,0.0,0.1145,0.1715,0.4292,125.66,42.58,146.2,0.5572,0.0,0.0,0.0001,0.197,Low,components
000600.png,29,875,2145,890,2160,175,15,15,15,0.7778,0.7315,0.0571,0.0,0.0954,0.136,0.4224,122.68,16.43,6.0,0.9763,0.0,1.0,0.0,0.519,Medium,components
000700.png,1,530,810,938,1610,149045,408,800,800,0.4566,0.29,0.0595,0.0,0.2985,0.3736,0.4462,93.02,32.74,1.4,0.9944,0.0,0.0224,0.018,0.3675,Medium,components_split
000700.png,2,938,0,2170,1595,523720,1232,1595,1595,0.2665,0.0818,0.0779,0.0723,0.783,0.6239,0.4226,99.2,34.17,0.0,1.0,0.0002,0.1889,0.0631,0.4558,Medium,components_split
000700.png,3,2235,0,2415,280,31450,180,280,280,0.624,0.4889,0.0273,0.0,0.1725,0.2562,0.3904,122.77,29.69,1.0,0.996,0.0,0.2967,0.0038,0.3999,Medium,components
000700.png,4,2020,265,2410,865,113450,390,600,600,0.4848,0.2331,0.0243,0.0184,0.3618,0.4208,0.4077,109.09,33.15,0.0,1.0,0.0002,0.3011,0.0137,0.4297,Medium,components
000700.png,5,2330,565,2415,700,8925,85,135,135,0.7778,0.6213,0.0218,0.0,0.1248,0.1889,0.4248,108.26,30.06,126.0,0.6041,0.0,0.0,0.0011,0.2119,Low,components
000700.png,6,3360,640,3585,910,39175,225,270,270,0.6449,0.4767,0.0377,0.0,0.1778,0.2627,0.3888,84.97,26.61,91.0,0.6949,0.0,0.0,0.0047,0.2524,Low,components
000700.png,7,2355,745,2390,775,550,35,30,35,0.5238,0.4651,0.1364,0.0,0.1832,0.2689,0.4142,107.78,16.02,160.06,0.5272,0.0,0.0,0.0001,0.2121,Low,components
000700.png,8,3740,760,3840,925,12975,100,165,165,0.7864,0.6151,0.0335,0.0,0.1267,0.192,0.3821,89.8,32.19,80.34,0.7252,0.0,0.0,0.0016,0.2499,Low,components
000700.png,9,3125,880,3205,940,3550,80,60,80,0.7396,0.622,0.0113,0.0,0.1246,0.1885,0.3947,117.27,18.78,57.18,0.7955,0.0,0.0,0.0004,0.2681,Low,components
000700.png,10,2590,890,2640,935,1700,50,45,50,0.7556,0.654,0.0353,0.0,0.1153,0.173,0.3926,104.74,24.17,80.13,0.7258,0.0,0.0,0.0002,0.2472,Low,components
000700.png,11,3240,895,3295,935,1550,55,40,55,0.7045,0.5963,0.0484,0.0,0.1325,0.2012,0.3665,102.97,21.95,77.1,0.7346,0.0,0.0,0.0002,0.2554,Low,components
000700.png,12,3480,1045,3715,1105,8500,235,60,235,0.6028,0.2777,0.0459,0.0,0.3106,0.3821,0.3851,99.54,38.52,26.38,0.8998,0.0,0.0,0.001,0.332,Medium,components
000700.png,13,3265,1060,3290,1085,425,25,25,25,0.68,0.6166,0.0588,0.0,0.1262,0.1912,0.4254,106.5,25.49,21.0,0.9194,0.0,0.0706,0.0001,0.3245,Low,components
000700.png,14,3385,1080,3435,1110,825,50,30,50,0.55,0.4563,0.0303,0.0,0.1873,0.2737,0.3925,82.37,17.33,26.0,0.9012,0.0,0.0,0.0001,0.3145,Low,components
000700.png,15,1700,1220,2024,1905,121455,324,685,685,0.5472,0.318,0.0874,0.0,0.2739,0.355,0.4385,94.42,27.63,0.0,1.0,0.0002,0.3436,0.0146,0.4329,Medium,components_split
000700.png,16,2024,1100,2340,1635,120020,316,535,535,0.7099,0.5012,0.0254,0.0,0.1673,0.2497,0.4268,97.07,35.32,0.0,1.0,0.0002,0.1695,0.0145,0.3761,Medium,components_split
000700.png,17,2685,1100,2755,1150,2650,70,50,70,0.7571,0.6352,0.0075,0.0,0.1207,0.1821,0.3768,112.45,41.91,11.0,0.957,0.0,0.2457,0.0003,0.3643,Medium,components
000700.png,18,2390,1500,2445,1535,1250,55,35,55,0.6494,0.5352,0.016,0.0,0.1538,0.232,0.3781,106.79,22.79,127.4,0.6007,0.0,0.0,0.0002,0.2166,Low,components
000700.png,19,785,1505,830,1555,1775,45,50,50,0.7889,0.6785,0.0338,0.0,0.1086,0.1612,0.4194,119.31,31.76,1.0,0.996,0.0,0.9285,0.0002,0.5121,Medium,components
000700.png,20,20,1580,250,1700,14125,230,120,230,0.5118,0.3931,0.0032,0.0,0.2212,0.3091,0.3952,99.26,28.08,77.32,0.734,0.0,0.0,0.0017,0.2671,Low,components
000700.png,21,285,1595,425,1675,7350,140,80,140,0.6562,0.4704,0.0401,0.0,0.1807,0.2661,0.4144,91.18,18.01,31.0,0.8834,0.0,0.0,0.0009,0.3091,Low,components
000700.png,22,2160,1660,2235,1715,3000,75,55,75,0.7273,0.6139,0.0133,0.0,0.127,0.1925,0.3939,95.53,58.05,1.0,0.996,0.0,0.732,0.0004,0.4755,Medium,components
000700.png,23,2050,1815,2295,2160,57025,245,345,345,0.6747,0.5483,0.0346,0.0,0.1489,0.2254,0.4526,97.76,39.95,1.0,0.996,0.0,0.3436,0.0069,0.4058,Medium,components
000700.png,24,2405,1835,2485,1895,3650,80,60,80,0.7604,0.6424,0.0164,0.0,0.1186,0.1786,0.3897,94.87,25.25,69.15,0.7584,0.0,0.0,0.0004,0.256,Low,components
000700.png,25,0,1850,160,2025,21125,160,175,175,0.7545,0.6246,0.0464,0.0,0.1238,0.1873,0.3882,99.11,36.89,1.0,0.996,0.0,0.3049,0.0025,0.3929,Medium,components
000700.png,26,1810,1920,1915,2035,9575,105,115,115,0.793,0.6647,0.0094,0.0,0.1123,0.1678,0.4116,91.59,23.55,1.0,0.996,0.0,0.511,0.0012,0.4273,Medium,components
000700.png,27,2410,1930,2450,1960,1100,40,30,40,0.9167,0.767,0.0045,0.0,0.0873,0.1194,0.3773,69.13,15.78,44.15,0.8381,0.0,0.0,0.0001,0.2698,Low,components
000700.png,28,565,2010,605,2025,350,40,15,40,0.5833,0.4048,0.0429,0.0,0.2143,0.3024,0.3277,78.5,53.89,1.0,0.996,0.0,1.0,0.0,0.5484,Medium,components
000700.png,29,620,2020,650,2050,625,30,30,30,0.6944,0.608,0.024,0.0,0.1289,0.1955,0.369,140.15,45.89,21.0,0.9194,0.0,0.16,0.0001,0.3396,Medium,components
000700.png,30,2425,2035,2495,2085,2500,70,50,70,0.7143,0.6054,0.034,0.0,0.1297,0.1967,0.3753,110.97,16.92,57.18,0.7955,0.0,0.0,0.0003,0.2716,Low,components
000700.png,31,0,2070,150,2160,8625,150,90,150,0.6389,0.4978,0.0991,0.0,0.1687,0.2515,0.4136,86.61,21.93,59.34,0.7887,0.0,0.0,0.001,0.2844,Low,components
000700.png,32,1790,2110,1870,2160,3300,80,50,80,0.825,0.6535,0.0273,0.0,0.1154,0.1732,0.4023,105.92,17.07,1.0,0.996,0.0,0.3864,0.0004,0.4049,Medium,components
000700.png,33,2425,2145,2450,2160,325,25,15,25,0.8667,0.7181,0.0462,0.0,0.0986,0.1423,0.3975,70.35,13.83,61.0,0.7835,0.0,0.0,0.0,0.261,Low,components
000800.png,1,1530,710,2067,1605,199385,537,895,895,0.4149,0.1999,0.1072,0.0,0.4107,0.4433,0.4447,69.32,27.19,1.0,0.996,0.0,0.0734,0.024,0.3943,Medium,components_split
000800.png,2,2067,470,2607,1565,325820,540,1095,1095,0.551,0.1516,0.031,0.0097,0.5086,0.4948,0.4264,71.79,28.12,0.0,1.0,0.0001,0.1554,0.0393,0.4153,Medium,components_split
000800.png,3,2607,0,3840,1035,319725,1233,1035,1233,0.2505,0.0788,0.0782,0.018,0.8024,0.6146,0.4011,86.77,30.73,0.0,1.0,0.0002,0.2282,0.0385,0.4532,Medium,components_split
000800.png,4,2805,205,2870,230,1125,65,25,65,0.6923,0.4752,0.0444,0.0,0.1785,0.2635,0.3765,82.03,24.05,204.29,0.4417,0.0,0.0,0.0001,0.1765,Low,components
000800.png,5,2935,215,2990,235,650,55,20,55,0.5909,0.4023,0.0538,0.0,0.2157,0.3038,0.3869,90.18,25.71,147.03,0.5554,0.0,0.0,0.0001,0.2176,Low,components
000800.png,6,3680,245,3840,500,26675,160,255,255,0.6538,0.4843,0.0321,0.0,0.1745,0.2586,0.3919,91.97,27.56,1.0,0.996,0.0,0.414,0.0032,0.4241,Medium,components
000800.png,7,2940,250,3060,325,4350,120,75,120,0.4833,0.3548,0.0667,0.0,0.246,0.3319,0.3853,101.43,26.11,46.0,0.8319,0.0,0.0,0.0005,0.3061,Low,components
000800.png,8,3210,275,3235,285,225,25,10,25,0.9,0.6608,0.0667,0.0,0.1134,0.1697,0.4409,80.71,13.34,57.18,0.7955,0.0,0.0,0.0,0.2708,Low,components
000800.png,9,3195,410,3840,1135,202625,645,725,725,0.4333,0.1927,0.0325,0.0474,0.423,0.464,0.4138,82.03,25.38,0.0,1.0,0.0007,0.4341,0.0244,0.4681,Medium,components
000800.png,10,3655,860,3840,1040,23300,185,180,185,0.6997,0.5035,0.027,0.0,0.1663,0.2485,0.4188,85.98,26.9,1.0,0.996,0.0,0.2715,0.0028,0.3935,Medium,components
000800.png,11,240,930,645,1110,38250,405,180,405,0.5247,0.3648,0.0021,0.0,0.2391,0.3258,0.4037,55.43,18.2,22.18,0.9151,0.0,0.001,0.0046,0.3245,Low,components
000800.png,12,700,1055,715,1075,200,15,20,20,0.6667,0.609,0.075,0.0,0.1286,0.195,0.4051,76.93,17.16,142.1,0.5664,0.0,0.0,0.0,0.2067,Low,components
000800.png,13,3655,1080,3735,1170,5250,80,90,90,0.7292,0.5925,0.0343,0.0,0.1338,0.2032,0.4021,93.05,18.0,71.4,0.7516,0.0,0.0,0.0006,0.2595,Low,components
000800.png,14,695,1090,1065,1280,23825,370,190,370,0.3389,0.2571,0.0422,0.0,0.3326,0.3969,0.4251,72.38,29.07,15.4,0.9403,0.0,0.0473,0.0029,0.3557,Medium,components
000800.png,15,0,1115,175,1290,22750,175,175,175,0.7429,0.5112,0.0457,0.0,0.1632,0.2445,0.3883,67.42,29.12,1.0,0.996,0.0,0.5475,0.0027,0.45,Medium,components
000800.png,16,1155,1260,1435,1405,17825,280,145,280,0.439,0.3111,0.0746,0.0,0.2796,0.3594,0.3996,70.98,29.11,59.15,0.7893,0.0,0.0,0.0021,0.2985,Low,components
000800.png,17,310,1280,680,1515,36350,370,235,370,0.4181,0.3146,0.0967,0.0,0.2767,0.3572,0.4035,72.32,26.48,1.0,0.996,0.0,0.5895,0.0044,0.4806,Medium,components
000800.png,18,255,1295,295,1325,750,40,30,40,0.625,0.5466,0.0467,0.0,0.1496,0.2262,0.3365,67.25,44.13,1.0,0.996,0.0,1.0,0.0001,0.5374,Medium,components
000800.png,19,1725,1395,1785,1455,2725,60,60,60,0.7569,0.6532,0.0239,0.0,0.1155,0.1734,0.4022,95.05,36.93,1.0,0.996,0.0,0.7321,0.0003,0.4737,Medium,components
000800.png,20,740,1430,1180,1745,67725,440,315,440,0.4886,0.2526,0.0382,0.0,0.3378,0.4003,0.3999,82.99,35.68,0.0,1.0,0.0007,0.5554,0.0082,0.4762,Medium,components
000800.png,21,2530,1505,3009,2160,169180,479,655,655,0.5392,0.2968,0.0916,0.0,0.2923,0.369,0.4411,69.7,24.38,0.0,1.0,0.0001,0.2431,0.0204,0.4162,Medium,components_split
000800.png,22,3009,1475,3445,2160,205965,436,685,685,0.6896,0.4082,0.0335,0.0,0.2124,0.3004,0.4365,72.25,28.6,1.0,0.996,0.0,0.1466,0.0248,0.3803,Medium,components_split
000800.png,23,0,1635,390,1900,81350,390,265,390,0.7871,0.6058,0.0222,0.0,0.1295,0.1966,0.4284,65.86,26.73,1.0,0.996,0.0,0.1103,0.0098,0.354,Medium,components
000800.png,24,1390,1815,1500,1880,4575,110,65,110,0.6399,0.5127,0.0525,0.0,0.1626,0.2437,0.3955,123.19,52.48,1.0,0.996,0.0,0.4055,0.0006,0.4218,Medium,components
000800.png,25,3480,1895,3545,1950,2300,65,55,65,0.6434,0.5598,0.0348,0.0,0.1448,0.2195,0.3871,83.59,19.16,160.35,0.5265,0.0,0.0,0.0003,0.1944,Low,components
000800.png,26,865,2025,975,2100,6025,110,75,110,0.7303,0.6032,0.0033,0.0,0.1304,0.1978,0.3764,104.35,41.06,45.34,0.8341,0.0,0.0,0.0007,0.2803,Low,components
000800.png,27,3490,2095,3555,2160,3050,65,65,65,0.7219,0.5664,0.0492,0.0,0.1425,0.2162,0.3638,85.94,13.77,47.18,0.828,0.0,0.0,0.0004,0.2858,Low,components
000800.png,28,3050,2120,3160,2160,3275,110,40,110,0.7443,0.4889,0.0473,0.0,0.1725,0.2562,0.3979,71.28,36.81,1.0,0.996,0.0,0.8757,0.0004,0.5172,Medium,components
000900.png,1,2942,0,3522,210,80795,580,210,580,0.6633,0.3634,0.0302,0.0,0.24,0.3266,0.392,76.59,25.13,97.12,0.6781,0.0,0.0,0.0097,0.2569,Low,components_split
000900.png,2,3522,0,3840,260,41620,318,260,318,0.5034,0.3358,0.0541,0.0,0.2598,0.3436,0.3794,96.41,33.32,1.0,0.996,0.0,0.2057,0.005,0.3976,Medium,components_split
000900.png,3,2980,240,3095,335,5950,115,95,115,0.5446,0.3513,0.0832,0.0,0.2484,0.334,0.3883,88.44,27.52,98.09,0.6755,0.0,0.0,0.0007,0.2612,Low,components
000900.png,4,1370,895,2001,2040,272075,631,1145,1145,0.3766,0.1781,0.114,0.0,0.4501,0.4638,0.4621,63.8,26.18,1.0,0.996,0.0,0.0657,0.0328,0.3978,Medium,components_split
000900.png,5,2001,465,3110,2015,615345,1109,1550,1550,0.358,0.0892,0.1078,0.0402,0.7391,0.5981,0.4329,68.73,28.99,0.0,1.0,0.0002,0.2291,0.0742,0.4615,Medium,components_split
000900.png,6,3110,270,3555,630,55150,445,360,445,0.3443,0.2706,0.0697,0.0036,0.3179,0.3882,0.4079,87.16,32.3,0.0,1.0,0.0009,0.5003,0.0066,0.4666,Medium,components_split
000900.png,7,3250,300,3310,330,950,60,30,60,0.5278,0.4124,0.0053,0.0,0.21,0.298,0.4269,80.87,18.76,22.18,0.9151,0.0,0.0326,0.0001,0.3263,Low,components
000900.png,8,3750,370,3840,440,4825,90,70,90,0.7659,0.6304,0.0497,0.0,0.1221,0.1845,0.3742,87.06,35.8,1.0,0.996,0.0,0.8707,0.0006,0.5057,Medium,components
000900.png,9,3345,525,3840,1390,233375,495,865,865,0.545,0.1869,0.0952,0.0544,0.4333,0.4716,0.4227,75.32,24.53,0.0,1.0,0.0002,0.3398,0.0281,0.4579,Medium,components
000900.png,10,2470,945,2595,1080,8525,125,135,135,0.5052,0.4144,0.0293,0.0,0.2089,0.2969,0.4365,90.67,24.51,1.0,0.996,0.0,0.7394,0.001,0.4943,Medium,components
000900.png,11,0,1100,445,1335,49750,445,235,445,0.4757,0.337,0.0042,0.0,0.2589,0.3429,0.4058,52.53,19.74,23.37,0.9108,0.0,0.0002,0.006,0.326,Low,components
000900.png,12,460,1320,850,1570,31250,390,250,390,0.3205,0.2562,0.0312,0.0,0.3336,0.3976,0.4376,64.11,23.14,33.17,0.8758,0.0,0.0,0.0038,0.3261,Low,components
000900.png,13,2050,1470,2065,1500,375,15,30,30,0.8333,0.664,0.0133,0.0,0.1125,0.1682,0.5015,69.33,21.32,1.0,0.996,0.0,1.0,0.0,0.5254,Medium,components
000900.png,14,960,1560,1300,1770,24800,340,210,340,0.3473,0.2294,0.099,0.0,0.3668,0.4183,0.4072,67.86,29.94,50.4,0.8174,0.0,0.0,0.003,0.3183,Low,components
000900.png,15,0,1630,385,1900,47200,385,270,385,0.4541,0.3448,0.077,0.0,0.253,0.338,0.415,64.83,25.48,0.0,1.0,0.0005,0.5206,0.0057,0.4634,Medium,components
000900.png,16,1590,1785,1680,1875,5575,90,90,90,0.6883,0.5971,0.0108,0.0,0.1323,0.2008,0.4089,89.26,34.87,1.0,0.996,0.0,0.3125,0.0007,0.3926,Medium,components
000900.png,17,430,1840,925,2160,86900,495,320,495,0.5486,0.3889,0.0363,0.0,0.2237,0.3115,0.4131,76.56,36.82,1.0,0.996,0.0,0.3531,0.0105,0.4214,Medium,components
000900.png,18,2945,1955,3750,2160,117325,805,205,805,0.711,0.3042,0.0777,0.0,0.2856,0.364,0.4283,74.61,25.45,1.0,0.996,0.0,0.2456,0.0141,0.4124,Medium,components
file-1.png,1,1614,861,1824,1033,26060,210,172,210,0.7215,0.6003,0.0181,0.0,0.1313,0.1993,0.4419,73.07,30.28,1.0,0.996,0.0,0.0462,0.0031,0.3402,Medium,sam
file-1.png,2,1944,1333,2166,1498,24612,222,165,222,0.6719,0.4805,0.0231,0.0,0.1762,0.2606,0.4385,64.51,23.55,1.0,0.996,0.0,0.1035,0.003,0.3614,Medium,sam
file-1.png,3,2244,126,2394,242,12234,150,116,150,0.7031,0.6067,0.0081,0.0,0.1293,0.1961,0.3767,66.6,20.4,73.92,0.744,0.0,0.0,0.0015,0.2536,Low,sam
file-1.png,4,1090,1738,1532,2160,146634,442,422,442,0.7861,0.6394,0.0099,0.0,0.1194,0.1801,0.4432,69.68,31.48,1.0,0.996,0.0,0.0503,0.0177,0.3395,Medium,sam
file-1.png,5,1599,700,1734,861,13243,135,161,161,0.6093,0.5214,0.0206,0.0,0.1591,0.2392,0.4586,65.44,28.37,192.56,0.4629,0.0,0.0,0.0016,0.177,Low,sam
file-1.png,6,2065,782,2252,984,22720,187,202,202,0.6015,0.4286,0.0812,0.0,0.2012,0.2889,0.4452,70.83,27.8,1.0,0.996,0.0,0.1125,0.0027,0.3732,Medium,sam
file-1.png,7,1830,1892,2280,2160,85719,450,268,450,0.7108,0.5164,0.0384,0.0,0.1611,0.2417,0.4485,72.08,30.04,1.0,0.996,0.0,0.0782,0.0103,0.3561,Medium,sam
file-1.png,8,1955,1153,2203,1397,43506,248,244,248,0.719,0.5721,0.0197,0.0,0.1406,0.2133,0.4476,69.49,26.78,1.0,0.996,0.0,0.0995,0.0052,0.3534,Medium,sam
file-1.png,9,1820,1641,2274,2158,164381,454,517,517,0.7003,0.4768,0.0054,0.0,0.1778,0.2626,0.449,71.2,30.35,1.0,0.996,0.0,0.0919,0.0198,0.3601,Medium,sam
file-1.png,10,1408,1206,1735,1599,87015,327,393,393,0.6771,0.5833,0.0165,0.0,0.1368,0.2077,0.4368,63.7,27.9,1.0,0.996,0.0,0.0853,0.0105,0.3502,Medium,sam
file-1.png,11,1817,538,1989,752,22136,172,214,214,0.6014,0.5221,0.0421,0.0,0.1588,0.2388,0.4335,75.63,29.34,1.0,0.996,0.0,0.1476,0.0027,0.3688,Medium,sam
file-1.png,12,1820,1641,2188,1944,73245,368,303,368,0.6569,0.4744,0.0182,0.0,0.1789,0.2639,0.4484,69.54,30.07,1.0,0.996,0.0,0.1125,0.0088,0.364,Medium,sam
file-1.png,13,1985,1011,2226,1236,30284,241,225,241,0.5585,0.4369,0.003,0.0,0.1969,0.2843,0.458,72.71,27.9,1.0,0.996,0.0,0.0893,0.0037,0.3602,Medium,sam
file-1.png,14,1517,1071,1768,1314,38483,251,243,251,0.6309,0.5493,0.0187,0.0,0.1486,0.2249,0.437,66.0,26.9,1.0,0.996,0.0,0.0794,0.0046,0.351,Medium,sam
file-1.png,15,1885,1449,2207,1738,56860,322,289,322,0.611,0.4556,0.0211,0.0,0.1877,0.2741,0.4467,61.6,23.36,1.0,0.996,0.0,0.096,0.0069,0.3623,Medium,sam
file-1.png,16,2203,204,2430,523,37190,227,319,319,0.5136,0.4123,0.0595,0.0,0.2101,0.2981,0.4145,78.92,28.8,1.0,0.996,0.0,0.1259,0.0045,0.3753,Medium,sam
file-1.png,17,2140,482,2308,699,24343,168,217,217,0.6677,0.4884,0.045,0.0,0.1727,0.2565,0.4301,74.08,28.56,1.0,0.996,0.0,0.1703,0.0029,0.3763,Medium,sam
file-1.png,18,1855,365,1997,542,12841,142,177,177,0.5109,0.4119,0.1072,0.0,0.2103,0.2983,0.4287,64.87,25.96,106.59,0.6529,0.0,0.0,0.0015,0.2516,Low,sam
file-10.png,1,2821,1080,3745,2160,476275,924,1080,1080,0.4773,0.2533,0.0359,0.0,0.3369,0.3997,0.4337,63.14,24.83,1.0,0.996,0.0,0.0709,0.0574,0.3851,Medium,components_split
file-10.png,2,3620,1105,3840,1265,26975,220,160,220,0.7663,0.6246,0.0308,0.0,0.1238,0.1873,0.4071,64.29,22.84,67.18,0.7644,0.0,0.0,0.0033,0.261,Low,components
file-10.png,3,3715,1975,3840,2160,12600,125,185,185,0.5449,0.3692,0.1964,0.0,0.2362,0.3232,0.4099,76.31,19.9,1.0,0.996,0.0,0.5503,0.0015,0.4772,Medium,components
file-2.png,1,2244,118,2391,242,12499,147,124,147,0.6857,0.6055,0.0128,0.0,0.1296,0.1967,0.3732,66.7,21.1,88.92,0.7007,0.0,0.0,0.0015,0.2412,Low,sam
file-2.png,2,1614,838,1832,1029,27936,218,191,218,0.6709,0.5556,0.0255,0.0,0.1463,0.2216,0.4417,73.05,30.24,1.0,0.996,0.0,0.0488,0.0034,0.3449,Medium,sam
file-2.png,3,1101,1734,1539,2160,146234,438,426,438,0.7837,0.5968,0.0104,0.0,0.1324,0.201,0.4439,69.04,31.41,1.0,0.996,0.0,0.0537,0.0176,0.3434,Medium,sam
file-2.png,4,1944,1322,2173,1487,24819,229,165,229,0.6568,0.461,0.0187,0.0,0.1851,0.2711,0.44,65.15,24.03,1.0,0.996,0.0,0.1514,0.003,0.3721,Medium,sam
file-2.png,5,1419,1202,1745,1592,87124,326,390,390,0.6853,0.595,0.0214,0.0,0.133,0.2019,0.4405,63.12,28.18,1.0,0.996,0.0,0.0856,0.0105,0.3499,Medium,sam
file-2.png,6,1830,1637,2203,1933,73557,373,296,373,0.6662,0.5323,0.0197,0.0,0.1549,0.2335,0.4494,69.41,29.93,1.0,0.996,0.0,0.1071,0.0089,0.3586,Medium,sam
file-2.png,7,2070,774,2259,981,22573,189,207,207,0.577,0.4222,0.0789,0.0,0.2046,0.2925,0.4482,70.07,27.58,1.0,0.996,0.0,0.1345,0.0027,0.3779,Medium,sam
file-2.png,8,1524,1067,1776,1307,38676,252,240,252,0.6395,0.5402,0.0214,0.0,0.1519,0.2295,0.439,65.99,27.47,1.0,0.996,0.0,0.0817,0.0047,0.3524,Medium,sam
file-2.png,9,1830,1637,2285,2158,167144,455,521,521,0.7051,0.4915,0.0038,0.0,0.1714,0.2548,0.4505,70.54,30.14,1.0,0.996,0.0,0.0906,0.0202,0.3585,Medium,sam
file-2.png,10,1965,1146,2214,1397,44450,249,251,251,0.7112,0.5623,0.0166,0.0,0.1439,0.2182,0.4491,68.83,27.49,1.0,0.996,0.0,0.0967,0.0054,0.3533,Medium,sam
file-2.png,11,1599,705,1738,846,12345,139,141,141,0.6299,0.5555,0.0175,0.0,0.1464,0.2217,0.4566,65.28,28.11,193.36,0.4614,0.0,0.0,0.0015,0.1736,Low,sam
file-2.png,12,1845,1888,2285,2160,86989,440,272,440,0.7268,0.4994,0.0356,0.0,0.168,0.2506,0.4509,70.86,29.15,1.0,0.996,0.0,0.072,0.0105,0.3559,Medium,sam
file-2.png,13,1990,999,2226,1228,30475,236,229,236,0.5639,0.4272,0.0081,0.0,0.2019,0.2897,0.4599,72.72,28.43,1.0,0.996,0.0,0.1,0.0037,0.3636,Medium,sam
file-2.png,14,1895,1446,2210,1708,55412,315,262,315,0.6714,0.508,0.0214,0.0,0.1645,0.2461,0.4505,61.46,23.68,1.0,0.996,0.0,0.0956,0.0067,0.358,Medium,sam
file-2.png,15,2207,197,2440,519,37290,233,322,322,0.497,0.3931,0.0527,0.0,0.2212,0.3091,0.4143,78.73,28.3,1.0,0.996,0.0,0.1102,0.0045,0.3731,Medium,sam
file-2.png,16,2140,474,2316,699,25232,176,225,225,0.6372,0.455,0.0468,0.0,0.1879,0.2744,0.4306,74.24,28.7,1.0,0.996,0.0,0.1862,0.003,0.3823,Medium,sam
file-2.png,17,1860,360,1997,538,12484,137,178,178,0.5119,0.4086,0.1174,0.0,0.2121,0.3002,0.4287,64.19,25.72,109.2,0.6461,0.0,0.0,0.0015,0.2508,Low,sam
file-3.png,1,1944,1326,2173,1491,24971,229,165,229,0.6609,0.4665,0.018,0.0,0.1825,0.2682,0.435,66.08,23.14,1.0,0.996,0.0,0.145,0.003,0.3703,Medium,sam
file-3.png,2,1614,846,1832,1029,27373,218,183,218,0.6861,0.5581,0.0216,0.0,0.1454,0.2204,0.4379,73.42,29.41,1.0,0.996,0.0,0.0514,0.0033,0.3448,Medium,sam
file-3.png,3,1095,1738,1536,2160,148273,441,422,441,0.7967,0.6704,0.0075,0.0,0.1108,0.1651,0.4405,70.25,31.23,1.0,0.996,0.0,0.0472,0.0179,0.3364,Medium,sam
file-3.png,4,1989,999,2226,1232,30880,237,233,237,0.5592,0.4377,0.0134,0.0,0.1965,0.2839,0.4538,73.88,27.44,1.0,0.996,0.0,0.0865,0.0037,0.3606,Medium,sam
file-3.png,5,2072,778,2259,981,22416,187,203,203,0.5905,0.399,0.0831,0.0,0.2177,0.3057,0.4445,70.9,26.95,1.0,0.996,0.0,0.1434,0.0027,0.382,Medium,sam
file-3.png,6,1888,1449,2214,1712,56783,326,263,326,0.6623,0.5004,0.0287,0.0,0.1676,0.2501,0.4421,62.38,22.6,1.0,0.996,0.0,0.0892,0.0068,0.358,Medium,sam
file-3.png,7,1840,1892,2285,2160,85687,445,268,445,0.7185,0.4991,0.0382,0.0,0.1681,0.2508,0.4468,72.35,28.82,1.0,0.996,0.0,0.0744,0.0103,0.3567,Medium,sam
file-3.png,8,1416,1202,1740,1596,88137,324,394,394,0.6904,0.5946,0.0178,0.0,0.1331,0.2021,0.4361,64.07,27.3,1.0,0.996,0.0,0.0933,0.0106,0.3511,Medium,sam
file-3.png,9,1830,1641,2285,2158,165537,455,517,517,0.7037,0.4937,0.0058,0.0,0.1704,0.2537,0.4454,71.72,29.58,1.0,0.996,0.0,0.0895,0.02,0.3583,Medium,sam
file-3.png,10,1965,1149,2214,1389,43375,249,240,249,0.7258,0.5863,0.0143,0.0,0.1358,0.2062,0.4448,69.78,26.37,1.0,0.996,0.0,0.0933,0.0052,0.3506,Medium,sam
file-3.png,11,1830,1641,2214,1948,79962,384,307,384,0.6783,0.488,0.023,0.0,0.1729,0.2567,0.4451,70.29,29.44,1.0,0.996,0.0,0.098,0.0096,0.3606,Medium,sam
file-3.png,12,1524,1067,1776,1311,38546,252,244,252,0.6269,0.5469,0.019,0.0,0.1495,0.2261,0.4344,66.33,26.41,1.0,0.996,0.0,0.089,0.0046,0.3531,Medium,sam
file-3.png,13,1599,705,1734,857,13040,135,152,152,0.6355,0.5593,0.013,0.0,0.145,0.2198,0.4529,64.87,27.42,193.74,0.4607,0.0,0.0,0.0016,0.1727,Low,sam
file-3.png,14,1892,426,2087,606,21669,195,180,195,0.6174,0.5179,0.0562,0.0,0.1605,0.241,0.4272,73.26,27.44,1.0,0.996,0.0,0.1803,0.0026,0.377,Medium,sam
file-3.png,15,2145,474,2319,703,24993,174,229,229,0.6272,0.4753,0.0492,0.0,0.1785,0.2634,0.4286,74.64,28.33,1.0,0.996,0.0,0.1881,0.003,0.3813,Medium,sam
file-3.png,16,1588,984,1810,1206,23329,222,222,222,0.4734,0.3754,0.1123,0.0,0.2321,0.3195,0.4318,66.55,25.61,1.0,0.996,0.0,0.1869,0.0028,0.3958,Medium,sam
file-3.png,17,1860,360,1993,542,12192,133,182,182,0.5037,0.3998,0.1087,0.0,0.2172,0.3052,0.4256,64.44,25.41,112.58,0.6374,0.0,0.0,0.0015,0.2481,Low,sam
file-4.png,1,1727,744,1922,954,21527,195,210,210,0.5257,0.4516,0.0844,0.0,0.1896,0.2762,0.4375,71.42,29.23,3.6,0.9857,0.0,0.1035,0.0026,0.3667,Medium,sam
file-4.png,2,1566,823,1644,936,6834,78,113,113,0.7754,0.6526,0.0146,0.0,0.1157,0.1737,0.4633,66.76,27.01,238.54,0.3851,0.0,0.0,0.0008,0.1432,Low,sam
file-4.png,3,1967,1168,2233,1423,40926,266,255,266,0.6034,0.4482,0.0046,0.0,0.1912,0.2781,0.4582,72.07,27.73,1.0,0.996,0.0,0.0858,0.0049,0.3589,Medium,sam
file-4.png,4,1930,1341,2211,1618,56562,281,277,281,0.7267,0.6014,0.0163,0.0,0.1309,0.1987,0.4476,69.28,26.38,1.0,0.996,0.0,0.0859,0.0068,0.3484,Medium,sam
file-4.png,5,1843,1708,2207,2046,82047,364,338,364,0.6669,0.5112,0.0168,0.0,0.1632,0.2445,0.4491,59.93,23.21,1.0,0.996,0.0,0.0899,0.0099,0.3566,Medium,sam
file-4.png,6,1446,1236,1727,1517,53652,281,281,281,0.6795,0.5773,0.016,0.0,0.1388,0.2107,0.4434,65.21,26.97,1.0,0.996,0.0,0.0795,0.0065,0.3489,Medium,sam
file-4.png,7,1765,1967,2143,2160,56444,378,193,378,0.7737,0.5577,0.0362,0.0,0.1456,0.2206,0.4546,75.44,29.66,1.0,0.996,0.0,0.0922,0.0068,0.355,Medium,sam
file-4.png,8,1524,1131,1780,1382,32742,256,251,256,0.5096,0.4176,0.109,0.0,0.2071,0.2951,0.4336,64.84,25.58,1.0,0.996,0.0,0.1414,0.0039,0.3828,Medium,sam
file-4.png,9,1566,785,1712,951,15382,146,166,166,0.6347,0.5573,0.0201,0.0,0.1457,0.2208,0.4604,63.92,27.38,212.24,0.4279,0.0,0.0,0.0019,0.1638,Low,sam
file-4.png,10,1910,1543,2166,1776,38090,256,233,256,0.6386,0.4807,0.0231,0.0,0.1761,0.2605,0.4368,61.96,22.73,1.0,0.996,0.0,0.1297,0.0046,0.3668,Medium,sam
file-4.png,11,1311,1416,1680,1836,108778,369,420,420,0.7019,0.5996,0.0134,0.0,0.1315,0.1996,0.4408,64.25,28.37,1.0,0.996,0.0,0.0809,0.0131,0.3482,Medium,sam
file-4.png,12,2145,531,2334,786,31042,189,255,255,0.6441,0.4857,0.0483,0.0,0.1739,0.2579,0.4296,73.76,28.43,1.0,0.996,0.0,0.1763,0.0037,0.3781,Medium,sam
file-4.png,13,2050,984,2199,1097,10415,149,113,149,0.6186,0.4834,0.0181,0.0,0.1749,0.2591,0.4622,81.49,27.14,1.0,0.996,0.0,0.1786,0.0013,0.3754,Medium,sam
file-4.png,14,1980,1059,2229,1239,26871,249,180,249,0.5995,0.3844,0.0261,0.0,0.2265,0.3142,0.455,75.22,27.99,1.0,0.996,0.0,0.1768,0.0032,0.3844,Medium,sam
file-4.png,15,2226,227,2475,576,40399,249,349,349,0.4649,0.3767,0.0402,0.0,0.2313,0.3187,0.4175,78.68,28.05,1.0,0.996,0.0,0.1263,0.0049,0.3766,Medium,sam
file-4.png,16,2342,227,2475,366,12002,133,139,139,0.6492,0.5743,0.0084,0.0,0.1398,0.2122,0.4182,82.63,27.88,13.0,0.9493,0.0,0.0301,0.0014,0.3237,Low,sam
file-4.png,17,1855,400,1989,591,13926,134,191,191,0.5441,0.4147,0.0803,0.0,0.2088,0.2968,0.4289,64.35,25.99,121.8,0.6143,0.0,0.0,0.0017,0.2371,Low,sam
file-4.png,18,1035,2079,1245,2160,11769,210,81,210,0.6919,0.4689,0.0721,0.0,0.1814,0.2669,0.4236,97.81,27.85,211.0,0.43,0.0,0.0,0.0014,0.1765,Low,sam
file-5.png,1,1577,1213,1839,1434,30262,262,221,262,0.5226,0.4032,0.0864,0.0,0.2152,0.3033,0.4395,73.76,28.31,5.39,0.9787,0.0,0.0415,0.0036,0.3566,Medium,sam
file-5.png,2,1727,977,1922,1134,15570,195,157,195,0.5086,0.4542,0.0249,0.0,0.1884,0.2748,0.4414,77.64,29.34,9.79,0.9616,0.0,0.039,0.0019,0.3403,Medium,sam
file-5.png,3,1656,1052,1911,1318,39867,255,266,266,0.5877,0.4294,0.0392,0.0,0.2008,0.2885,0.4398,73.61,29.67,1.0,0.996,0.0,0.0931,0.0048,0.3653,Medium,sam
file-5.png,4,1224,1911,1625,2160,77773,401,249,401,0.7789,0.557,0.0209,0.0,0.1458,0.221,0.4582,72.43,27.73,1.0,0.996,0.0,0.0182,0.0094,0.3391,Medium,sam
file-5.png,5,2376,317,2552,504,20716,176,187,187,0.6294,0.4963,0.0377,0.0,0.1693,0.2523,0.4182,82.42,28.81,1.0,0.996,0.0,0.0812,0.0025,0.357,Medium,sam
file-5.png,6,2072,1281,2346,1562,47805,274,281,281,0.6209,0.4876,0.0406,0.0,0.173,0.2569,0.455,70.67,27.62,1.0,0.996,0.0,0.0821,0.0058,0.3587,Medium,sam
file-5.png,7,1772,827,1997,1101,35640,225,274,274,0.5781,0.4354,0.0643,0.0,0.1977,0.2851,0.4332,77.16,29.54,1.0,0.996,0.0,0.1217,0.0043,0.373,Medium,sam
file-5.png,8,1920,1798,2312,2160,109961,392,362,392,0.7749,0.6424,0.018,0.0,0.1186,0.1786,0.47,76.03,29.99,1.0,0.996,0.0,0.0649,0.0133,0.3424,Medium,sam
file-5.png,9,2100,1142,2346,1359,27619,246,217,246,0.5174,0.3964,0.047,0.0,0.2192,0.3072,0.4501,73.53,27.7,1.0,0.996,0.0,0.0923,0.0033,0.3685,Medium,sam
file-5.png,10,1341,1712,1705,2042,75246,364,330,364,0.6264,0.4687,0.029,0.0,0.1815,0.267,0.4499,65.8,28.12,1.0,0.996,0.0,0.0825,0.0091,0.3596,Medium,sam
file-5.png,11,1521,1080,1674,1269,18786,153,189,189,0.6497,0.5626,0.0377,0.0,0.1438,0.2181,0.4609,61.11,26.24,233.09,0.3936,0.0,0.0,0.0023,0.1549,Low,sam
file-5.png,12,1457,1080,1671,1296,29274,214,216,216,0.6333,0.5546,0.0082,0.0,0.1467,0.2221,0.4652,62.98,26.98,233.09,0.3936,0.0,0.0,0.0035,0.1527,Low,sam
file-5.png,13,1960,1581,2297,1884,70558,337,303,337,0.691,0.4792,0.0154,0.0,0.1767,0.2613,0.4678,72.81,28.96,1.0,0.996,0.0,0.1058,0.0085,0.362,Medium,sam
file-5.png,14,2025,1442,2274,1659,31035,249,217,249,0.5744,0.4299,0.0209,0.0,0.2005,0.2882,0.4616,77.31,27.38,1.0,0.996,0.0,0.1211,0.0037,0.3689,Medium,sam
file-5.png,15,2100,992,2357,1359,62201,257,367,367,0.6595,0.4602,0.0308,0.0,0.1855,0.2716,0.4492,76.11,28.62,1.0,0.996,0.0,0.1341,0.0075,0.3706,Medium,sam
file-5.png,16,2166,726,2398,1067,52252,232,341,341,0.6605,0.4852,0.0727,0.0,0.1741,0.2581,0.4327,75.92,28.9,1.0,0.996,0.0,0.156,0.0063,0.3769,Medium,sam
file-5.png,17,1835,535,1971,774,21224,136,239,239,0.653,0.5108,0.0347,0.0,0.1633,0.2447,0.4333,64.32,27.65,162.37,0.5223,0.0,0.0,0.0026,0.1973,Low,sam
file-5.png,18,2115,984,2357,1243,36209,242,259,259,0.5777,0.3647,0.047,0.0,0.2391,0.3259,0.4492,78.63,29.52,1.0,0.996,0.0,0.163,0.0044,0.3856,Medium,sam
file-5.png,19,2280,324,2548,778,62064,268,454,454,0.5101,0.3823,0.02,0.0,0.2278,0.3154,0.4195,78.63,28.07,1.0,0.996,0.0,0.1566,0.0075,0.3806,Medium,sam
file-5.png,20,1695,850,1753,958,4569,58,108,108,0.7294,0.5374,0.0208,0.0,0.153,0.2309,0.3873,48.22,18.3,246.35,0.3733,0.0,0.0,0.0006,0.1488,Low,sam
file-6.png,1,1288,1442,1596,1663,44126,308,221,308,0.6483,0.4914,0.0327,0.0,0.1714,0.2549,0.4536,72.04,30.5,4.39,0.9826,0.0,0.0478,0.0053,0.3466,Medium,sam
file-6.png,2,1566,782,1768,996,26791,202,214,214,0.6198,0.4735,0.0244,0.0,0.1793,0.2644,0.4391,73.37,29.87,8.59,0.9662,0.0,0.0363,0.0032,0.3397,Medium,sam
file-6.png,3,1434,1134,1663,1303,24172,229,169,229,0.6246,0.4516,0.0404,0.0,0.1896,0.2763,0.451,77.15,30.2,12.98,0.9494,0.0,0.024,0.0029,0.3355,Medium,sam
file-6.png,4,1119,2027,1461,2160,20313,342,133,342,0.4466,0.275,0.0598,0.0,0.3133,0.384,0.446,81.07,29.1,12.79,0.9501,0.0,0.0177,0.0024,0.3525,Medium,sam
file-6.png,5,1371,1258,1648,1509,47403,277,251,277,0.6818,0.5499,0.0336,0.0,0.1484,0.2245,0.4515,72.02,30.14,1.0,0.996,0.0,0.0506,0.0057,0.3468,Medium,sam
file-6.png,6,1476,883,1581,999,8741,105,116,116,0.7177,0.6355,0.0232,0.0,0.1206,0.182,0.4313,53.49,24.33,154.99,0.538,0.0,0.0,0.0011,0.1912,Low,sam
file-6.png,7,1112,1761,1494,2158,119946,382,397,397,0.7909,0.6195,0.0053,0.0,0.1253,0.1898,0.4513,72.92,30.99,17.0,0.9343,0.0,0.0074,0.0145,0.3129,Low,sam
file-6.png,8,1116,1569,1585,2158,185314,469,589,589,0.6708,0.5168,0.0047,0.0,0.1609,0.2416,0.4526,72.66,31.56,1.0,0.996,0.0,0.034,0.0223,0.3457,Medium,sam
file-6.png,9,1865,1461,2169,1757,58727,304,296,304,0.6526,0.4953,0.0219,0.0,0.1698,0.2528,0.465,69.71,28.14,1.0,0.996,0.0,0.0803,0.0071,0.356,Medium,sam
file-6.png,10,1775,1836,2154,2160,97773,379,324,379,0.7962,0.6297,0.0228,0.0,0.1223,0.1848,0.4751,72.71,30.38,1.0,0.996,0.0,0.0624,0.0118,0.3431,Medium,sam
file-6.png,11,1772,1656,2154,2160,141894,382,504,504,0.737,0.5553,0.0389,0.0006,0.1464,0.222,0.4743,72.92,29.82,1.0,0.996,0.0,0.077,0.0171,0.354,Medium,sam
file-6.png,12,1875,1292,2136,1517,34609,261,225,261,0.5893,0.4053,0.037,0.0,0.214,0.3021,0.4555,71.9,27.93,1.0,0.996,0.0,0.0943,0.0042,0.3673,Medium,sam
file-6.png,13,1491,939,1725,1236,43151,234,297,297,0.6209,0.4896,0.0353,0.0,0.1722,0.2558,0.4426,75.58,30.25,1.0,0.996,0.0,0.143,0.0052,0.3701,Medium,sam
file-6.png,14,1830,1656,2113,1892,44975,283,236,283,0.6734,0.49,0.0212,0.0,0.172,0.2556,0.4728,73.55,28.76,1.0,0.996,0.0,0.1083,0.0054,0.3617,Medium,sam
file-6.png,15,1566,733,1830,1007,46224,264,274,274,0.639,0.5351,0.0284,0.0,0.1538,0.2321,0.4397,74.0,29.3,1.0,0.996,0.0,0.136,0.0056,0.3645,Medium,sam
file-6.png,16,2076,336,2252,546,22981,176,210,210,0.6218,0.4716,0.0421,0.0,0.1802,0.2654,0.422,79.19,30.26,1.0,0.996,0.0,0.1641,0.0028,0.3761,Medium,sam
file-6.png,17,1910,782,2143,1157,61319,233,375,375,0.7018,0.4894,0.0576,0.0,0.1723,0.2559,0.4393,75.27,29.61,1.0,0.996,0.0,0.1637,0.0074,0.3768,Medium,sam
file-6.png,18,1875,1101,2136,1401,45250,261,300,300,0.5779,0.3943,0.026,0.0,0.2204,0.3084,0.4543,77.09,29.79,1.0,0.996,0.0,0.1513,0.0055,0.3787,Medium,sam
file-6.png,19,2010,339,2248,816,67562,238,477,477,0.5951,0.4179,0.0194,0.0,0.2069,0.2949,0.4272,77.55,29.38,1.0,0.996,0.0,0.1772,0.0081,0.3816,Medium,sam
file-6.png,20,2010,474,2192,823,45482,182,349,349,0.716,0.5095,0.0294,0.0,0.1638,0.2453,0.4302,78.34,29.9,1.0,0.996,0.0,0.176,0.0055,0.3746,Medium,sam
file-6.png,21,2010,654,2169,827,18497,159,173,173,0.6724,0.5058,0.0193,0.0,0.1654,0.2473,0.4309,70.78,28.7,1.0,0.996,0.0,0.2092,0.0022,0.38,Medium,sam
file-6.png,22,2230,125,2390,290,10958,160,165,165,0.4151,0.3662,0.049,0.0,0.2381,0.325,0.4023,82.59,30.01,122.23,0.6133,0.0,0.0,0.0013,0.2378,Low,sam
file-6.png,23,1385,960,1464,1086,6418,79,126,126,0.6448,0.5329,0.0294,0.0,0.1547,0.2332,0.3934,49.57,19.7,247.0,0.3723,0.0,0.0,0.0008,0.1497,Low,sam
file-7.png,1,2409,1269,2582,1419,14665,173,150,173,0.5651,0.4975,0.0112,0.0,0.1688,0.2516,0.476,70.95,27.79,5.0,0.9802,0.0,0.0864,0.0018,0.3505,Medium,sam
file-7.png,2,2001,748,2158,868,12981,157,120,157,0.689,0.5139,0.0247,0.0,0.1621,0.2431,0.4365,67.62,24.88,2.0,0.992,0.0,0.0957,0.0016,0.3559,Medium,sam
file-7.png,3,2511,1749,2863,2158,117992,352,409,409,0.8196,0.5903,0.0101,0.0,0.1345,0.2042,0.466,67.54,25.22,1.0,0.996,0.0,0.0586,0.0142,0.3443,Medium,sam
file-7.png,4,2455,1539,2773,1832,56242,318,293,318,0.6036,0.4888,0.0209,0.0,0.1725,0.2563,0.4595,63.69,25.08,1.0,0.996,0.0,0.047,0.0068,0.3498,Medium,sam
file-7.png,5,1791,1123,1944,1269,16286,153,146,153,0.7291,0.6325,0.0061,0.0,0.1214,0.1834,0.4178,42.44,13.31,178.38,0.4899,0.0,0.0,0.002,0.1754,Low,sam
file-7.png,6,2535,2001,2844,2160,35007,309,159,309,0.7125,0.5232,0.0361,0.0,0.1584,0.2382,0.4688,74.43,24.81,1.0,0.996,0.0,0.0757,0.0042,0.3539,Medium,sam
file-7.png,7,2316,748,2511,932,25792,195,184,195,0.7188,0.5597,0.0163,0.0,0.1449,0.2196,0.4284,66.21,25.79,1.0,0.996,0.0,0.1461,0.0031,0.3631,Medium,sam
file-7.png,8,1783,1003,1948,1269,26678,165,266,266,0.6078,0.4181,0.0766,0.0,0.2069,0.2948,0.4229,44.18,15.61,173.59,0.4994,0.0,0.0,0.0032,0.2022,Low,sam
file-7.png,9,1948,1097,2130,1228,16709,182,131,182,0.7008,0.5525,0.0551,0.0,0.1474,0.2232,0.4558,77.74,28.78,1.0,0.996,0.0,0.0959,0.002,0.3573,Medium,sam
file-7.png,10,2330,969,2612,1326,70090,282,357,357,0.6962,0.5174,0.0384,0.0,0.1607,0.2412,0.441,67.34,26.36,1.0,0.996,0.0,0.0901,0.0085,0.3581,Medium,sam
file-7.png,11,1896,1348,2145,1596,36770,249,248,249,0.5954,0.4897,0.0104,0.0,0.1721,0.2558,0.454,69.85,26.59,1.0,0.996,0.0,0.0708,0.0044,0.353,Medium,sam
file-7.png,12,2305,527,2507,928,57873,202,401,401,0.7145,0.5033,0.0266,0.0,0.1664,0.2486,0.4299,73.54,26.28,1.0,0.996,0.0,0.1626,0.007,0.3723,Medium,sam
file-7.png,13,1836,1948,2260,2160,62879,424,212,424,0.6995,0.4669,0.0388,0.0,0.1823,0.2679,0.4577,72.51,30.47,1.0,0.996,0.0,0.0645,0.0076,0.3569,Medium,sam
file-7.png,14,2390,1344,2769,1836,118236,379,492,492,0.6341,0.4916,0.0181,0.0002,0.1713,0.2548,0.4569,66.13,26.95,1.0,0.996,0.0,0.0745,0.0143,0.3559,Medium,sam
file-7.png,15,1929,834,2155,1131,52380,226,297,297,0.7804,0.6062,0.0394,0.0,0.1294,0.1964,0.4382,71.04,26.13,1.0,0.996,0.0,0.1288,0.0063,0.3589,Medium,sam
file-7.png,16,1836,1536,2259,2160,134333,423,624,624,0.5089,0.4756,0.0125,0.0,0.1784,0.2633,0.4562,68.51,28.9,1.0,0.996,0.0,0.0808,0.0162,0.3581,Medium,sam
file-7.png,17,2390,1348,2695,1663,62425,305,315,315,0.6498,0.5502,0.0184,0.0,0.1482,0.2244,0.4546,68.24,28.08,1.0,0.996,0.0,0.0915,0.0075,0.3537,Medium,sam
file-7.png,18,1783,1003,1884,1134,9809,101,131,131,0.7414,0.6348,0.022,0.0,0.1208,0.1823,0.4322,47.22,19.07,246.89,0.3725,0.0,0.0,0.0012,0.1415,Low,sam
file-7.png,19,1911,1093,2170,1423,57282,259,330,330,0.6702,0.4495,0.0449,0.0,0.1906,0.2774,0.4488,69.34,27.13,1.0,0.996,0.0,0.1301,0.0069,0.372,Medium,sam
file-7.png,20,1847,1753,2210,2042,69558,363,289,363,0.663,0.4396,0.01,0.0,0.1956,0.2828,0.4554,64.85,27.01,1.0,0.996,0.0,0.0886,0.0084,0.3612,Medium,sam
file-7.png,21,1881,1509,2190,1779,62063,309,270,309,0.7439,0.5641,0.0328,0.0,0.1433,0.2174,0.4581,66.09,26.66,1.0,0.996,0.0,0.1142,0.0075,0.3587,Medium,sam
file-7.png,22,1911,1194,2170,1423,42810,259,229,259,0.7218,0.4617,0.0128,0.0,0.1848,0.2708,0.4468,66.28,26.02,1.0,0.996,0.0,0.1445,0.0052,0.3704,Medium,sam
file-7.png,23,1930,505,2064,669,14858,134,164,164,0.6761,0.5836,0.0221,0.0,0.1367,0.2076,0.4233,59.61,23.33,122.0,0.6139,0.0,0.0,0.0018,0.2178,Low,sam
file-7.png,24,2380,140,2510,340,14825,130,200,200,0.5702,0.4761,0.0215,0.0,0.1781,0.263,0.4051,68.26,24.13,1.0,0.996,0.0,0.1663,0.0018,0.3739,Medium,sam
file-7.png,25,2139,234,2271,377,12223,132,143,143,0.6475,0.5701,0.0121,0.0,0.1412,0.2143,0.394,62.43,18.39,1.0,0.996,0.0,0.3038,0.0015,0.3931,Medium,sam
file-7.png,26,2305,390,2454,579,20798,149,189,189,0.7385,0.5664,0.0101,0.0,0.1425,0.2162,0.4349,72.48,25.74,1.0,0.996,0.0,0.3085,0.0025,0.3943,Medium,sam
file-7.png,27,1820,692,1986,1022,40976,166,330,330,0.748,0.5251,0.0213,0.0,0.1577,0.2373,0.4287,51.29,22.78,170.0,0.5066,0.0,0.0,0.0049,0.1904,Low,sam
file-7.png,28,2072,366,2200,523,10951,128,157,157,0.5449,0.4028,0.031,0.0,0.2154,0.3035,0.4314,72.67,25.02,1.0,0.996,0.0,0.312,0.0013,0.41,Medium,sam
file-8.png,1,2552,1671,2766,1851,28018,214,180,214,0.7274,0.6239,0.0075,0.0,0.124,0.1876,0.4921,58.44,26.54,1.0,0.996,0.0,0.067,0.0034,0.3416,Medium,sam
file-8.png,2,2387,879,2612,1164,35196,225,285,285,0.5489,0.5181,0.0205,0.0,0.1604,0.2409,0.4335,57.76,24.03,1.0,0.996,0.0,0.0919,0.0042,0.356,Medium,sam
file-8.png,3,2430,1273,2788,1727,111136,358,454,454,0.6838,0.5323,0.034,0.0,0.1549,0.2335,0.4499,57.84,24.67,1.0,0.996,0.0,0.0727,0.0134,0.3538,Medium,sam
file-8.png,4,2151,291,2278,444,13725,127,153,153,0.7063,0.6162,0.028,0.0,0.1263,0.1914,0.3973,53.86,16.63,1.0,0.996,0.0,0.263,0.0017,0.3832,Medium,sam
file-8.png,5,1941,1592,2270,1907,74621,329,315,329,0.72,0.5144,0.0099,0.0,0.1619,0.2428,0.4525,55.49,23.18,1.0,0.996,0.0,0.1069,0.009,0.3589,Medium,sam
file-8.png,6,2540,1821,2953,2160,112362,413,339,413,0.8025,0.6648,0.0175,0.0,0.1123,0.1678,0.4528,61.44,24.09,1.0,0.996,0.0,0.0633,0.0135,0.3404,Medium,sam
file-8.png,7,1941,1438,2270,1903,102721,329,465,465,0.6714,0.4456,0.062,0.0,0.1926,0.2795,0.4552,58.14,24.42,1.0,0.996,0.0,0.1135,0.0124,0.3715,Medium,sam
file-8.png,8,1926,1843,2260,2160,81948,334,317,334,0.774,0.584,0.0209,0.0,0.1365,0.2073,0.4592,60.64,24.4,1.0,0.996,0.0,0.0895,0.0099,0.3514,Medium,sam
file-8.png,9,1926,1438,2270,2160,182694,344,722,722,0.7356,0.4325,0.0048,0.0,0.1992,0.2868,0.4571,59.24,24.46,1.0,0.996,0.0,0.1013,0.022,0.3659,Medium,sam
file-8.png,10,1944,1236,2205,1476,47056,261,240,261,0.7512,0.5757,0.0147,0.0,0.1393,0.2115,0.4398,58.52,23.91,1.0,0.996,0.0,0.1038,0.0057,0.3536,Medium,sam
file-8.png,11,2400,1127,2657,1389,35167,257,262,262,0.5223,0.4144,0.035,0.0,0.2089,0.2969,0.446,62.57,26.38,1.0,0.996,0.0,0.1117,0.0042,0.3698,Medium,sam
file-8.png,12,1779,1269,1952,1592,34008,173,323,323,0.6086,0.3641,0.0772,0.0,0.2396,0.3262,0.434,38.68,12.85,209.0,0.4334,0.0,0.0,0.0041,0.1873,Low,sam
file-8.png,13,1925,615,2068,797,19386,143,182,182,0.7449,0.6219,0.0122,0.0,0.1246,0.1886,0.4209,51.27,20.29,148.0,0.5532,0.0,0.0,0.0023,0.1958,Low,sam
file-8.png,14,2027,951,2199,1086,16837,172,135,172,0.7251,0.5735,0.0067,0.0,0.1401,0.2126,0.4432,57.5,22.51,1.0,0.996,0.0,0.1324,0.002,0.3581,Medium,sam
file-8.png,15,1944,1067,2210,1476,82374,266,409,409,0.7572,0.5664,0.025,0.0,0.1425,0.2162,0.4455,61.0,23.59,1.0,0.996,0.0,0.1283,0.0099,0.3609,Medium,sam
file-8.png,16,2370,654,2608,1157,83661,238,503,503,0.6988,0.5016,0.0306,0.0,0.1671,0.2495,0.4361,63.26,24.35,1.0,0.996,0.0,0.139,0.0101,0.3686,Medium,sam
file-8.png,17,1986,1438,2185,1633,28391,199,195,199,0.7316,0.6017,0.0349,0.0,0.1308,0.1986,0.4646,64.93,26.51,1.0,0.996,0.0,0.1155,0.0034,0.3557,Medium,sam
file-8.png,18,1810,876,1997,1262,55171,187,386,386,0.7643,0.5346,0.0166,0.0,0.154,0.2323,0.4359,44.43,20.08,184.0,0.479,0.0,0.0,0.0067,0.1812,Low,sam
file-8.png,19,2079,452,2240,628,16126,161,176,176,0.5691,0.4259,0.0338,0.0,0.2027,0.2904,0.4318,61.67,23.01,1.0,0.996,0.0,0.2796,0.0019,0.4019,Medium,sam
file-8.png,20,1794,1408,1952,1592,21061,158,184,184,0.7244,0.6078,0.0227,0.0,0.1289,0.1956,0.4273,36.78,10.4,209.0,0.4334,0.0,0.0,0.0025,0.162,Low,sam
file-8.png,21,2023,857,2205,1093,34983,182,236,236,0.8145,0.6033,0.0067,0.0,0.1303,0.1978,0.4434,59.53,23.34,1.0,0.996,0.0,0.1571,0.0042,0.3612,Medium,sam
file-8.png,22,2395,180,2520,396,16319,125,216,216,0.6044,0.473,0.0364,0.0,0.1795,0.2647,0.409,59.04,21.2,1.0,0.996,0.0,0.106,0.002,0.3636,Medium,sam
file-8.png,23,1952,1067,2210,1322,37526,258,255,258,0.5704,0.3946,0.0408,0.0,0.2203,0.3083,0.454,64.3,23.24,1.0,0.996,0.0,0.164,0.0045,0.3826,Medium,sam
file-8.png,24,2012,1063,2205,1194,15267,193,131,193,0.6038,0.4549,0.031,0.0,0.188,0.2744,0.4593,67.65,24.05,1.0,0.996,0.0,0.2013,0.0018,0.3836,Medium,sam
file-8.png,25,2350,465,2575,722,35808,225,257,257,0.6192,0.4398,0.0611,0.0,0.1954,0.2827,0.4285,58.94,22.22,1.0,0.996,0.0,0.1936,0.0043,0.3867,Medium,sam
file-8.png,26,2040,365,2121,482,7086,81,117,117,0.7477,0.6292,0.004,0.0,0.1224,0.185,0.389,53.64,18.74,60.0,0.7866,0.0,0.0,0.0009,0.2643,Low,sam
file-9.png,1,2237,1731,2477,1918,31635,240,187,240,0.7049,0.5754,0.0238,0.0,0.1394,0.2117,0.4788,90.02,31.6,13.0,0.9493,0.0,0.0315,0.0038,0.3258,Low,sam
file-9.png,2,1476,2068,1671,2160,13284,195,92,195,0.7405,0.5482,0.0327,0.0,0.149,0.2254,0.444,84.69,28.31,200.0,0.4493,0.0,0.0,0.0016,0.1721,Low,sam
file-9.png,3,1656,1648,1925,1892,45649,269,244,269,0.6955,0.5812,0.0205,0.0,0.1375,0.2088,0.4727,68.92,27.04,1.0,0.996,0.0,0.1043,0.0055,0.3539,Medium,sam
file-9.png,4,1491,1648,1925,2158,155061,434,510,510,0.7006,0.5131,0.0552,0.0,0.1624,0.2435,0.4631,68.76,27.41,1.0,0.996,0.0,0.0761,0.0187,0.3589,Medium,sam
file-9.png,5,1389,1326,1693,1869,119563,304,543,543,0.7243,0.5424,0.0071,0.0,0.1511,0.2284,0.4623,50.51,23.45,211.58,0.429,0.0,0.0,0.0144,0.1658,Low,sam
file-9.png,6,1742,1123,1974,1329,32585,232,206,232,0.6818,0.5474,0.0298,0.0,0.1493,0.2258,0.4474,64.21,27.0,1.0,0.996,0.0,0.0765,0.0039,0.3515,Medium,sam
file-9.png,7,2180,1307,2439,1513,35591,259,206,259,0.6671,0.523,0.0274,0.0,0.1585,0.2383,0.4477,70.36,27.67,1.0,0.996,0.0,0.1106,0.0043,0.3601,Medium,sam
file-9.png,8,2145,1734,2522,2160,111275,377,426,426,0.6929,0.5153,0.0514,0.0,0.1615,0.2423,0.4561,66.41,29.21,1.0,0.996,0.0,0.0735,0.0134,0.357,Medium,sam
file-9.png,9,2012,399,2173,576,18849,161,177,177,0.6614,0.5927,0.0085,0.0,0.1337,0.203,0.4128,60.3,19.68,1.0,0.996,0.0,0.2256,0.0023,0.3756,Medium,sam
file-9.png,10,2180,1468,2466,1768,67476,286,300,300,0.7864,0.6096,0.0126,0.0002,0.1284,0.1947,0.4421,65.36,27.64,1.0,0.996,0.0,0.0895,0.0081,0.3484,Medium,sam
file-9.png,11,2145,1884,2526,2160,81852,381,276,381,0.7784,0.519,0.0268,0.0,0.16,0.2404,0.4472,57.71,22.68,1.0,0.996,0.0,0.0934,0.0099,0.3577,Medium,sam
file-9.png,12,1693,1449,1926,1686,40683,233,237,237,0.7367,0.6102,0.0155,0.0,0.1282,0.1944,0.4496,62.59,25.72,1.0,0.996,0.0,0.1131,0.0049,0.3529,Medium,sam
file-9.png,13,1869,804,2035,1052,24886,166,248,248,0.6045,0.4918,0.0452,0.0,0.1712,0.2547,0.4493,70.47,26.51,1.0,0.996,0.0,0.1612,0.003,0.3742,Medium,sam
file-9.png,14,1697,1288,1960,1686,78776,263,398,398,0.7526,0.5665,0.0085,0.0,0.1425,0.2162,0.4523,64.79,26.63,1.0,0.996,0.0,0.1197,0.0095,0.3574,Medium,sam
file-9.png,15,1701,1292,1960,1521,38915,259,229,259,0.6561,0.4546,0.0202,0.0,0.1881,0.2746,0.4551,67.77,27.38,1.0,0.996,0.0,0.1313,0.0047,0.369,Medium,sam
file-9.png,16,1686,875,1873,1059,25367,187,184,187,0.7372,0.6216,0.0205,0.0,0.1247,0.1888,0.4428,60.14,23.64,158.0,0.5315,0.0,0.0,0.0031,0.1903,Low,sam
file-9.png,17,2315,250,2480,523,22659,165,273,273,0.503,0.4039,0.0238,0.0,0.2148,0.3029,0.4216,64.78,23.03,1.0,0.996,0.0,0.409,0.0027,0.4288,Medium,sam
file-9.png,18,1877,635,2085,902,28746,208,267,267,0.5176,0.3815,0.075,0.0,0.2283,0.3159,0.44,66.43,25.45,1.0,0.996,0.0,0.2899,0.0035,0.4122,Medium,sam
file-9.png,19,1825,600,1892,767,6654,67,167,167,0.5947,0.3711,0.0185,0.0,0.2349,0.322,0.3977,60.53,27.11,39.39,0.8542,0.0,0.0,0.0008,0.3065,Low,sam
file-9.png,20,2220,1742,2263,1869,3390,43,127,127,0.6208,0.3529,0.0838,0.0,0.2473,0.333,0.3846,49.47,27.93,1.0,0.996,0.0,0.8764,0.0004,0.5325,Medium,sam
